seed,cpu_physical_cores,cpu_logical_cores,cpu_clock_ghz,ram_mb,avg_cpu_usage,avg_ram_usage,peak_cpu_usage,peak_ram_usage,learning_rate,batch_size,buffer_size,hidden_units,num_layers,gamma,strength,keep_checkpoints,max_steps,time_horizon,summary_freq,buffer_init_steps,tau,steps_per_update,init_entcoef,reward_signal_steps_per_update,beta,epsilon,lambd,num_epoch,train_duration_s,final_mean_reward,final_std_reward,steps_to_convergence,algo_sac,os_name_Windows,os_name_macOS,time_to_convergence,converged
0.0,8,8,3.2,8192.0,19.1,602.72,19.94,1168.16,0.0003,32.0,426208.0,91.0,2.0,0.99,1.0,5.0,2000000.0,64.0,10000.0,0.0,0.0,0.0,0.0,0.0,0.005,0.2,0.95,3.0,291.528,1.29,0.779,0.0,False,False,True,-1.0,0
0.0,10,10,0.0,16384.0,17.6,1233.96,21.28,1515.48,0.0003,32.0,348160.0,99.0,1.0,0.99,1.0,5.0,10000000.0,64.0,10000.0,0.0,0.0,0.0,0.0,0.0,0.005,0.2,0.95,3.0,1120.653,100.0,0.0,2920000.0,False,False,True,1115.124,1
0.0,10,10,0.0,16384.0,19.1,1060.75,22.28,1301.09,0.0003,32.0,258496.0,108.0,2.0,0.99,1.0,5.0,10000000.0,64.0,10000.0,0.0,0.0,0.0,0.0,0.0,0.005,0.2,0.95,3.0,2262.819,100.0,0.0,1890000.0,False,False,True,1801.147,1
0.0,10,10,0.0,16384.0,17.69,745.18,19.24,761.5,0.0003,32.0,48768.0,104.0,3.0,0.99,1.0,5.0,10000000.0,64.0,10000.0,0.0,0.0,0.0,0.0,0.0,0.005,0.2,0.95,3.0,180.598,100.0,0.0,440000.0,False,False,True,175.191,1
0.0,8,8,3.2,8192.0,19.45,422.89,20.93,716.83,0.0003,32.0,282624.0,122.0,1.0,0.99,1.0,5.0,2000000.0,64.0,10000.0,0.0,0.0,0.0,0.0,0.0,0.005,0.2,0.95,3.0,1585.613,1.175,0.814,0.0,False,False,True,-1.0,0
0.0,10,10,0.0,16384.0,17.7,1112.43,19.81,1374.56,0.0003,32.0,322752.0,116.0,2.0,0.99,1.0,5.0,10000000.0,64.0,10000.0,0.0,0.0,0.0,0.0,0.0,0.005,0.2,0.95,3.0,835.772,100.0,0.0,0.0,False,False,True,-1.0,0
0.0,10,10,0.0,16384.0,17.56,921.73,20.26,1019.19,0.0003,32.0,160640.0,68.0,2.0,0.99,1.0,5.0,10000000.0,64.0,10000.0,0.0,0.0,0.0,0.0,0.0,0.005,0.2,0.95,3.0,449.003,100.0,0.0,1120000.0,False,False,True,426.454,1
0.0,10,10,0.0,16384.0,17.03,1049.23,19.49,1242.17,0.0003,32.0,247520.0,66.0,1.0,0.99,1.0,5.0,10000000.0,64.0,10000.0,0.0,0.0,0.0,0.0,0.0,0.005,0.2,0.95,3.0,674.104,100.0,0.0,1770000.0,False,False,True,668.599,1
0.0,10,10,0.0,16384.0,17.85,1146.97,23.42,1455.67,0.0003,32.0,349280.0,104.0,3.0,0.99,1.0,5.0,10000000.0,64.0,10000.0,0.0,0.0,0.0,0.0,0.0,0.005,0.2,0.95,3.0,947.592,99.022,2.766,2200000.0,False,False,True,887.34,1
0.0,8,8,3.2,8192.0,19.65,433.07,20.98,823.89,0.0003,32.0,231008.0,115.0,2.0,0.99,1.0,5.0,2000000.0,64.0,10000.0,0.0,0.0,0.0,0.0,0.0,0.005,0.2,0.95,3.0,475.33,1.788,1.215,0.0,False,False,True,-1.0,0
0.0,8,8,3.2,8192.0,19.14,408.29,24.62,750.19,0.0003,32.0,202080.0,98.0,2.0,0.99,1.0,5.0,2000000.0,64.0,10000.0,0.0,0.0,0.0,0.0,0.0,0.005,0.2,0.95,3.0,463.412,1.666,1.136,0.0,False,False,True,-1.0,0
0.0,10,10,0.0,16384.0,17.6,977.03,19.11,1097.7,0.0003,32.0,190848.0,68.0,2.0,0.99,1.0,5.0,10000000.0,64.0,10000.0,0.0,0.0,0.0,0.0,0.0,0.005,0.2,0.95,3.0,558.648,100.0,0.0,1460000.0,False,False,True,553.256,1
0.0,10,10,0.0,16384.0,17.5,1002.83,23.54,1144.38,0.0003,32.0,204800.0,105.0,2.0,0.99,1.0,5.0,10000000.0,64.0,10000.0,0.0,0.0,0.0,0.0,0.0,0.005,0.2,0.95,3.0,587.33,100.0,0.0,1460000.0,False,False,True,581.754,1
0.0,10,10,0.0,16384.0,17.5,1178.14,21.47,1466.84,0.0003,32.0,333376.0,109.0,3.0,0.99,1.0,5.0,10000000.0,64.0,10000.0,0.0,0.0,0.0,0.0,0.0,0.005,0.2,0.95,3.0,974.514,100.0,0.0,2320000.0,False,False,True,928.086,1
0.0,10,10,0.0,16384.0,17.72,921.68,20.07,1034.58,0.0003,32.0,158432.0,104.0,2.0,0.99,1.0,5.0,10000000.0,64.0,10000.0,0.0,0.0,0.0,0.0,0.0,0.005,0.2,0.95,3.0,397.296,100.0,0.0,980000.0,False,False,True,380.995,1
0.0,10,10,0.0,16384.0,17.67,1302.71,20.73,1693.22,0.0003,32.0,436928.0,87.0,1.0,0.99,1.0,5.0,10000000.0,64.0,10000.0,0.0,0.0,0.0,0.0,0.0,0.005,0.2,0.95,3.0,1216.595,100.0,0.0,3230000.0,False,False,True,1211.067,1
0.0,10,10,0.0,16384.0,17.42,711.35,19.31,718.0,0.0003,32.0,29664.0,120.0,1.0,0.99,1.0,5.0,10000000.0,64.0,10000.0,0.0,0.0,0.0,0.0,0.0,0.005,0.2,0.95,3.0,131.72,100.0,0.0,330000.0,False,False,True,126.252,1
0.0,10,10,0.0,16384.0,17.16,1007.61,21.97,1161.2,0.0003,32.0,221056.0,83.0,2.0,0.99,1.0,5.0,10000000.0,64.0,10000.0,0.0,0.0,0.0,0.0,0.0,0.005,0.2,0.95,3.0,636.622,100.0,0.0,1610000.0,False,False,True,631.166,1
0.0,10,10,0.0,16384.0,17.59,1241.58,20.65,1563.27,0.0003,32.0,385152.0,93.0,2.0,0.99,1.0,5.0,10000000.0,64.0,10000.0,0.0,0.0,0.0,0.0,0.0,0.005,0.2,0.95,3.0,1087.226,100.0,0.0,2760000.0,False,False,True,1070.851,1
0.0,10,10,0.0,16384.0,17.54,995.56,20.44,1148.78,0.0003,32.0,213120.0,67.0,3.0,0.99,1.0,5.0,10000000.0,64.0,10000.0,0.0,0.0,0.0,0.0,0.0,0.005,0.2,0.95,3.0,527.042,100.0,0.0,0.0,False,False,True,-1.0,0
0.0,10,10,0.0,16384.0,16.97,1002.72,20.61,1149.56,0.0003,32.0,207232.0,74.0,3.0,0.99,1.0,5.0,10000000.0,64.0,10000.0,0.0,0.0,0.0,0.0,0.0,0.005,0.2,0.95,3.0,613.704,100.0,0.0,1510000.0,False,False,True,607.823,1
0.0,10,10,0.0,16384.0,17.43,991.07,21.99,1138.52,0.0003,32.0,207456.0,99.0,2.0,0.99,1.0,5.0,10000000.0,64.0,10000.0,0.0,0.0,0.0,0.0,0.0,0.005,0.2,0.95,3.0,581.511,100.0,0.0,1480000.0,False,False,True,576.015,1
0.0,10,10,0.0,16384.0,17.66,1303.57,22.32,1677.5,0.0003,32.0,429728.0,118.0,2.0,0.99,1.0,5.0,10000000.0,64.0,10000.0,0.0,0.0,0.0,0.0,0.0,0.005,0.2,0.95,3.0,1231.672,100.0,0.0,3100000.0,False,False,True,1226.152,1
0.0,10,10,0.0,16384.0,17.65,882.94,21.19,954.23,0.0003,32.0,129248.0,105.0,1.0,0.99,1.0,5.0,10000000.0,64.0,10000.0,0.0,0.0,0.0,0.0,0.0,0.005,0.2,0.95,3.0,402.44,100.0,0.0,1060000.0,False,False,True,397.051,1
0.0,10,10,0.0,16384.0,17.64,1219.41,19.73,1511.39,0.0003,32.0,356768.0,90.0,3.0,0.99,1.0,5.0,10000000.0,64.0,10000.0,0.0,0.0,0.0,0.0,0.0,0.005,0.2,0.95,3.0,1033.586,100.0,0.0,2200000.0,False,False,True,884.457,1
0.0,10,10,0.0,16384.0,17.6,910.58,19.08,994.83,0.0003,32.0,142976.0,79.0,2.0,0.99,1.0,5.0,10000000.0,64.0,10000.0,0.0,0.0,0.0,0.0,0.0,0.005,0.2,0.95,3.0,448.453,100.0,0.0,1050000.0,False,False,True,405.94,1
0.0,10,10,0.0,16384.0,17.67,1036.07,19.58,1200.05,0.0003,32.0,226368.0,93.0,2.0,0.99,1.0,5.0,10000000.0,64.0,10000.0,0.0,0.0,0.0,0.0,0.0,0.005,0.2,0.95,3.0,624.665,100.0,0.0,1600000.0,False,False,True,622.004,1
0.0,10,10,0.0,16384.0,17.71,925.89,22.65,1028.97,0.0003,32.0,163008.0,113.0,3.0,0.99,1.0,5.0,10000000.0,64.0,10000.0,0.0,0.0,0.0,0.0,0.0,0.005,0.2,0.95,3.0,413.376,100.0,0.0,1010000.0,False,False,True,407.889,1
0.0,10,10,0.0,16384.0,17.58,1160.1,21.32,1458.61,0.0003,32.0,337248.0,76.0,1.0,0.99,1.0,5.0,10000000.0,64.0,10000.0,0.0,0.0,0.0,0.0,0.0,0.005,0.2,0.95,3.0,951.827,100.0,0.0,2400000.0,False,False,True,905.728,1
0.0,10,10,0.0,16384.0,17.66,834.14,19.09,868.86,0.0003,32.0,91936.0,70.0,2.0,0.99,1.0,5.0,10000000.0,64.0,10000.0,0.0,0.0,0.0,0.0,0.0,0.005,0.2,0.95,3.0,333.236,100.0,0.0,680000.0,False,False,True,262.506,1
0.0,10,10,0.0,16384.0,17.68,1099.35,20.81,1296.75,0.0003,32.0,269088.0,89.0,1.0,0.99,1.0,5.0,10000000.0,64.0,10000.0,0.0,0.0,0.0,0.0,0.0,0.005,0.2,0.95,3.0,844.222,100.0,0.0,2040000.0,False,False,True,763.945,1
0.0,10,10,0.0,16384.0,17.42,805.1,19.47,835.55,0.0003,32.0,78432.0,94.0,1.0,0.99,1.0,5.0,10000000.0,64.0,10000.0,0.0,0.0,0.0,0.0,0.0,0.005,0.2,0.95,3.0,270.772,100.0,0.0,710000.0,False,False,True,265.398,1
0.0,10,10,0.0,16384.0,17.53,847.42,20.21,911.45,0.0003,32.0,107712.0,67.0,3.0,0.99,1.0,5.0,10000000.0,64.0,10000.0,0.0,0.0,0.0,0.0,0.0,0.005,0.2,0.95,3.0,314.701,100.0,0.0,770000.0,False,False,True,309.204,1
0.0,10,10,0.0,16384.0,17.63,791.53,19.29,822.59,0.0003,32.0,68704.0,81.0,2.0,0.99,1.0,5.0,10000000.0,64.0,10000.0,0.0,0.0,0.0,0.0,0.0,0.005,0.2,0.95,3.0,244.598,100.0,0.0,560000.0,False,False,True,218.215,1
0.0,10,10,0.0,16384.0,17.5,1043.43,19.33,1250.55,0.0003,32.0,247648.0,83.0,2.0,0.99,1.0,5.0,10000000.0,64.0,10000.0,0.0,0.0,0.0,0.0,0.0,0.005,0.2,0.95,3.0,611.564,100.0,0.0,1550000.0,False,False,True,606.166,1
0.0,10,10,0.0,16384.0,17.4,930.0,20.6,1191.39,0.0003,32.0,254368.0,89.0,3.0,0.99,1.0,5.0,10000000.0,64.0,10000.0,0.0,0.0,0.0,0.0,0.0,0.005,0.2,0.95,3.0,734.78,100.0,0.0,1670000.0,False,False,True,660.82,1
0.0,10,10,0.0,16384.0,17.2,997.15,20.23,1133.7,0.0003,32.0,200384.0,90.0,2.0,0.99,1.0,5.0,10000000.0,64.0,10000.0,0.0,0.0,0.0,0.0,0.0,0.005,0.2,0.95,3.0,624.058,100.0,0.0,1500000.0,False,False,True,617.552,1
0.0,10,10,0.0,16384.0,17.35,1237.06,19.35,1573.39,0.0003,32.0,397248.0,116.0,1.0,0.99,1.0,5.0,10000000.0,64.0,10000.0,0.0,0.0,0.0,0.0,0.0,0.005,0.2,0.95,3.0,1291.26,100.0,0.0,3340000.0,False,False,True,1285.906,1
0.0,10,10,0.0,16384.0,17.36,1283.32,21.52,1663.48,0.0003,32.0,420608.0,119.0,3.0,0.99,1.0,5.0,10000000.0,64.0,10000.0,0.0,0.0,0.0,0.0,0.0,0.005,0.2,0.95,3.0,1069.346,100.0,0.0,2610000.0,False,False,True,1063.707,1
0.0,10,10,0.0,16384.0,17.47,1050.52,21.04,1244.38,0.0003,32.0,241664.0,95.0,3.0,0.99,1.0,5.0,10000000.0,64.0,10000.0,0.0,0.0,0.0,0.0,0.0,0.005,0.2,0.95,3.0,717.95,100.0,0.0,1670000.0,False,False,True,655.25,1
0.0,10,10,0.0,16384.0,17.49,1158.86,20.16,1413.64,0.0003,32.0,321056.0,104.0,3.0,0.99,1.0,5.0,10000000.0,64.0,10000.0,0.0,0.0,0.0,0.0,0.0,0.005,0.2,0.95,3.0,940.687,100.0,0.0,1960000.0,False,False,True,804.498,1
0.0,10,10,0.0,16384.0,17.57,1145.11,20.91,1487.47,0.0003,32.0,341024.0,88.0,2.0,0.99,1.0,5.0,10000000.0,64.0,10000.0,0.0,0.0,0.0,0.0,0.0,0.005,0.2,0.95,3.0,988.083,100.0,0.0,2420000.0,False,False,True,944.334,1
0.0,10,10,0.0,16384.0,17.56,1282.26,21.31,1654.22,0.0003,32.0,412256.0,70.0,2.0,0.99,1.0,5.0,10000000.0,64.0,10000.0,0.0,0.0,0.0,0.0,0.0,0.005,0.2,0.95,3.0,1143.553,100.0,0.0,2560000.0,False,False,True,995.792,1
0.0,10,10,0.0,16384.0,17.5,992.78,21.62,1134.52,0.0003,32.0,202432.0,121.0,1.0,0.99,1.0,5.0,10000000.0,64.0,10000.0,0.0,0.0,0.0,0.0,0.0,0.005,0.2,0.95,3.0,555.693,100.0,0.0,1450000.0,False,False,True,550.201,1
0.0,10,10,0.0,16384.0,17.4,835.27,21.37,890.22,0.0003,32.0,98400.0,74.0,1.0,0.99,1.0,5.0,10000000.0,64.0,10000.0,0.0,0.0,0.0,0.0,0.0,0.005,0.2,0.95,3.0,310.157,100.0,0.0,810000.0,False,False,True,304.722,1
0.0,10,10,0.0,16384.0,17.44,775.74,20.67,800.97,0.0003,32.0,61888.0,76.0,3.0,0.99,1.0,5.0,10000000.0,64.0,10000.0,0.0,0.0,0.0,0.0,0.0,0.005,0.2,0.95,3.0,240.167,100.0,0.0,510000.0,False,False,True,205.337,1
0.0,10,10,0.0,16384.0,17.64,1197.42,19.33,1533.5,0.0003,32.0,399488.0,113.0,1.0,0.99,1.0,5.0,10000000.0,64.0,10000.0,0.0,0.0,0.0,0.0,0.0,0.005,0.2,0.95,3.0,1100.143,100.0,0.0,2900000.0,False,False,True,1094.696,1
0.0,10,10,0.0,16384.0,17.86,724.26,18.69,734.61,0.0003,32.0,34848.0,127.0,2.0,0.99,1.0,5.0,10000000.0,64.0,10000.0,0.0,0.0,0.0,0.0,0.0,0.005,0.2,0.95,3.0,164.205,100.0,0.0,400000.0,False,False,True,155.089,1
0.0,10,10,0.0,16384.0,17.62,1055.91,20.49,1347.41,0.0003,32.0,337312.0,107.0,1.0,0.99,1.0,5.0,10000000.0,64.0,10000.0,0.0,0.0,0.0,0.0,0.0,0.005,0.2,0.95,3.0,1056.198,100.0,0.0,2730000.0,False,False,True,1050.822,1
0.0,10,10,0.0,16384.0,17.68,1194.64,22.41,1496.64,0.0003,32.0,345536.0,70.0,2.0,0.99,1.0,5.0,10000000.0,64.0,10000.0,0.0,0.0,0.0,0.0,0.0,0.005,0.2,0.95,3.0,854.908,100.0,0.0,2200000.0,False,False,True,849.573,1
0.0,10,10,0.0,16384.0,17.57,1174.41,19.49,1450.86,0.0003,32.0,331840.0,95.0,3.0,0.99,1.0,5.0,10000000.0,64.0,10000.0,0.0,0.0,0.0,0.0,0.0,0.005,0.2,0.95,3.0,969.408,100.0,0.0,2360000.0,False,False,True,963.98,1
0.0,10,10,0.0,16384.0,16.66,934.97,21.29,1025.83,0.0003,32.0,150080.0,88.0,3.0,0.99,1.0,5.0,10000000.0,64.0,10000.0,0.0,0.0,0.0,0.0,0.0,0.005,0.2,0.95,3.0,531.161,100.0,0.0,1100000.0,False,False,True,477.42,1
0.0,10,10,0.0,16384.0,17.78,929.7,18.8,1027.91,0.0003,32.0,157792.0,87.0,1.0,0.99,1.0,5.0,10000000.0,64.0,10000.0,0.0,0.0,0.0,0.0,0.0,0.005,0.2,0.95,3.0,487.175,100.0,0.0,1170000.0,False,False,True,442.042,1
0.0,10,10,0.0,16384.0,17.68,1020.52,21.17,1173.17,0.0003,32.0,213632.0,71.0,3.0,0.99,1.0,5.0,10000000.0,64.0,10000.0,0.0,0.0,0.0,0.0,0.0,0.005,0.2,0.95,3.0,615.546,100.0,0.0,1410000.0,False,False,True,557.504,1
0.0,10,10,0.0,16384.0,11.26,1846.5,23.96,1955.17,0.0003,64.0,617600.0,182.0,3.0,0.817805190526165,1.0,5.0,10000000.0,1898.0,50000.0,8289.0,0.0094877854031474,10.0,0.7244913003572728,19.0,0.0,0.0,0.0,0.0,7090.858,100.0,0.0,450000.0,True,False,True,319.619,1
0.0,10,10,0.0,16384.0,11.93,1915.19,24.34,2035.44,0.0003,64.0,620928.0,265.0,3.0,0.9337687579413874,1.0,5.0,10000000.0,2026.0,50000.0,8977.0,0.0072153852538583,13.0,0.5863838931885306,5.0,0.0,0.0,0.0,0.0,2816.732,100.0,0.0,250000.0,True,False,True,194.587,1
0.0,10,10,0.0,16384.0,16.4,949.72,23.59,1003.14,0.0003,64.0,155840.0,244.0,2.0,0.8617572659630471,1.0,5.0,10000000.0,1841.0,50000.0,9608.0,0.0085623330391316,20.0,0.515408672670204,14.0,0.0,0.0,0.0,0.0,1753.956,100.0,0.0,2650000.0,True,False,True,1367.206,1
0.0,10,10,0.0,16384.0,16.9,1148.54,19.94,1503.33,0.0003,64.0,733312.0,409.0,2.0,0.9791011214585944,1.0,5.0,10000000.0,1907.0,50000.0,7575.0,0.0079761898246202,17.0,0.9780108060107396,17.0,0.0,0.0,0.0,0.0,235.53,100.0,0.0,300000.0,True,False,True,178.856,1
0.0,10,10,0.0,16384.0,16.16,2031.54,21.4,2236.56,0.0003,64.0,814464.0,442.0,1.0,0.8750414012041376,1.0,5.0,10000000.0,1037.0,50000.0,6676.0,0.0066927176214089,14.0,0.7742576935701606,12.0,0.0,0.0,0.0,0.0,5371.613,98.045,13.823,0.0,True,False,True,-1.0,0
0.0,10,10,0.0,16384.0,10.43,1920.64,20.28,2098.89,0.0003,64.0,720384.0,35.0,2.0,0.8323997209473413,1.0,5.0,10000000.0,1171.0,50000.0,9810.0,0.0054343497306317,7.0,0.5677938941878817,8.0,0.0,0.0,0.0,0.0,5086.348,100.0,0.0,6950000.0,True,False,True,5017.178,1
0.0,10,10,0.0,16384.0,12.34,1183.39,17.65,1265.31,0.0003,64.0,276928.0,386.0,2.0,0.909148606289154,1.0,5.0,10000000.0,692.0,50000.0,4904.0,0.0057405601536575,5.0,0.5690594391744537,3.0,0.0,0.0,0.0,0.0,6505.502,100.0,0.0,4600000.0,True,False,True,6365.137,1
0.0,10,10,0.0,16384.0,15.41,1104.65,24.97,1139.52,0.0003,64.0,299648.0,149.0,3.0,0.8881589211328976,1.0,5.0,10000000.0,568.0,50000.0,1592.0,0.00612355520331,18.0,0.9505417153660054,7.0,0.0,0.0,0.0,0.0,4524.495,100.0,0.0,450000.0,True,False,True,273.411,1
0.0,10,10,0.0,16384.0,11.7,2046.86,18.56,2144.62,0.0003,64.0,820416.0,346.0,3.0,0.8948391815389647,1.0,5.0,10000000.0,1650.0,50000.0,1110.0,0.0069961430448908,4.0,0.6124852324059545,11.0,0.0,0.0,0.0,0.0,18328.964,61.452,42.141,9250000.0,True,False,True,16934.155,1
0.0,10,10,0.0,16384.0,13.38,1126.64,18.73,1507.12,0.0003,64.0,645376.0,226.0,2.0,0.9170689158455196,1.0,5.0,10000000.0,629.0,50000.0,7110.0,0.0073599764796316,8.0,0.6651506665739446,2.0,0.0,0.0,0.0,0.0,410.838,100.0,0.0,300000.0,True,False,True,308.259,1
0.0,8,8,3.2,8192.0,20.04,719.48,24.9,1124.72,0.0003,32.0,395616.0,69.0,1.0,0.99,1.0,5.0,10000000.0,64.0,10000.0,0.0,0.0,0.0,0.0,0.0,0.005,0.2,0.95,3.0,5452.144,100.0,0.0,3190000.0,False,False,True,1758.557,1
0.0,8,8,3.2,8192.0,19.64,730.91,24.66,1147.73,0.0003,32.0,426208.0,91.0,2.0,0.99,1.0,5.0,2000000.0,64.0,10000.0,0.0,0.0,0.0,0.0,0.0,0.005,0.2,0.95,3.0,1154.92,3.993,3.521,0.0,False,False,True,-1.0,0
0.0,8,8,3.2,8192.0,19.48,685.08,21.35,1027.86,0.0003,32.0,343232.0,108.0,1.0,0.99,1.0,5.0,2000000.0,64.0,10000.0,0.0,0.0,0.0,0.0,0.0,0.005,0.2,0.95,3.0,1085.271,3.649,3.121,0.0,False,False,True,-1.0,0
0.0,8,8,3.2,8192.0,19.65,657.02,22.16,919.19,0.0003,32.0,282624.0,122.0,1.0,0.99,1.0,5.0,2000000.0,64.0,10000.0,0.0,0.0,0.0,0.0,0.0,0.005,0.2,0.95,3.0,1114.913,16.204,16.038,0.0,False,False,True,-1.0,0
0.0,8,8,3.2,8192.0,19.99,798.24,25.91,1156.72,0.0003,32.0,382208.0,83.0,3.0,0.99,1.0,5.0,10000000.0,64.0,10000.0,0.0,0.0,0.0,0.0,0.0,0.005,0.2,0.95,3.0,5744.896,100.0,0.0,2320000.0,False,False,True,1361.282,1
0.0,8,8,3.2,8192.0,19.75,802.89,22.25,961.48,0.0003,32.0,231008.0,115.0,2.0,0.99,1.0,5.0,2000000.0,64.0,10000.0,0.0,0.0,0.0,0.0,0.0,0.005,0.2,0.95,3.0,1151.493,84.409,32.566,0.0,False,False,True,-1.0,0
0.0,8,8,3.2,8192.0,19.71,765.54,21.76,896.67,0.0003,32.0,202080.0,98.0,2.0,0.99,1.0,5.0,2000000.0,64.0,10000.0,0.0,0.0,0.0,0.0,0.0,0.005,0.2,0.95,3.0,1089.45,100.0,0.0,1680000.0,False,False,True,935.442,1
0.0,8,8,3.2,8192.0,19.63,800.59,22.02,967.62,0.0003,32.0,255520.0,78.0,3.0,0.99,1.0,5.0,2000000.0,64.0,10000.0,0.0,0.0,0.0,0.0,0.0,0.005,0.2,0.95,3.0,1120.294,90.04,25.871,0.0,False,False,True,-1.0,0
0.0,8,8,3.2,8192.0,19.51,862.55,21.34,1245.45,0.0003,32.0,424064.0,123.0,1.0,0.99,1.0,5.0,2000000.0,64.0,10000.0,0.0,0.0,0.0,0.0,0.0,0.005,0.2,0.95,3.0,1077.052,3.029,2.394,0.0,False,False,True,-1.0,0
0.0,8,8,3.2,8192.0,20.07,816.71,26.16,1133.67,0.0003,32.0,336544.0,73.0,1.0,0.99,1.0,5.0,10000000.0,64.0,10000.0,0.0,0.0,0.0,0.0,0.0,0.005,0.2,0.95,3.0,5280.702,100.0,0.0,2500000.0,False,False,True,1348.177,1
0.0,8,8,3.2,8192.0,19.92,863.91,22.36,1236.45,0.0003,32.0,445888.0,116.0,2.0,0.99,1.0,5.0,10000000.0,64.0,10000.0,0.0,0.0,0.0,0.0,0.0,0.005,0.2,0.95,3.0,5805.511,100.0,0.0,2900000.0,False,False,True,1696.3,1
0.0,8,8,3.2,8192.0,19.69,677.16,26.18,858.28,0.0003,32.0,224288.0,78.0,1.0,0.99,1.0,5.0,2000000.0,64.0,10000.0,0.0,0.0,0.0,0.0,0.0,0.005,0.2,0.95,3.0,1093.459,76.5,27.928,0.0,False,False,True,-1.0,0
0.0,8,8,3.2,8192.0,19.71,765.31,21.52,1027.97,0.0003,32.0,337472.0,67.0,2.0,0.99,1.0,5.0,2000000.0,64.0,10000.0,0.0,0.0,0.0,0.0,0.0,0.005,0.2,0.95,3.0,1094.118,10.477,9.464,0.0,False,False,True,-1.0,0
0.0,8,8,3.2,8192.0,19.81,504.47,22.93,556.95,0.0003,32.0,46912.0,71.0,3.0,0.99,1.0,5.0,2000000.0,64.0,10000.0,0.0,0.0,0.0,0.0,0.0,0.005,0.2,0.95,3.0,1154.658,100.0,0.0,420000.0,False,False,True,244.517,1
0.0,8,8,3.2,8192.0,19.76,605.74,26.86,656.48,0.0003,32.0,115872.0,102.0,3.0,0.99,1.0,5.0,2000000.0,64.0,10000.0,0.0,0.0,0.0,0.0,0.0,0.005,0.2,0.95,3.0,1191.716,100.0,0.0,940000.0,False,False,True,570.457,1
0.0,8,8,3.2,8192.0,19.74,593.46,23.76,671.45,0.0003,32.0,129344.0,121.0,1.0,0.99,1.0,5.0,2000000.0,64.0,10000.0,0.0,0.0,0.0,0.0,0.0,0.005,0.2,0.95,3.0,1096.766,100.0,0.0,1190000.0,False,False,True,666.324,1
0.0,8,8,3.2,8192.0,19.77,701.69,22.11,908.66,0.0003,32.0,251232.0,81.0,2.0,0.99,1.0,5.0,2000000.0,64.0,10000.0,0.0,0.0,0.0,0.0,0.0,0.005,0.2,0.95,3.0,1086.342,92.031,24.402,0.0,False,False,True,-1.0,0
0.0,8,8,3.2,8192.0,19.67,758.75,27.45,999.39,0.0003,32.0,254144.0,76.0,2.0,0.99,1.0,5.0,2000000.0,64.0,10000.0,0.0,0.0,0.0,0.0,0.0,0.005,0.2,0.95,3.0,1122.087,100.0,0.0,0.0,False,False,True,-1.0,0
0.0,8,8,3.2,8192.0,19.66,522.87,25.12,559.45,0.0003,32.0,70976.0,93.0,3.0,0.99,1.0,5.0,2000000.0,64.0,10000.0,0.0,0.0,0.0,0.0,0.0,0.005,0.2,0.95,3.0,1128.606,100.0,0.0,630000.0,False,False,True,356.204,1
0.0,8,8,3.2,8192.0,19.74,653.18,24.75,879.56,0.0003,32.0,238208.0,71.0,3.0,0.99,1.0,5.0,2000000.0,64.0,10000.0,0.0,0.0,0.0,0.0,0.0,0.005,0.2,0.95,3.0,1189.432,100.0,0.0,1860000.0,False,False,True,1088.529,1
0.0,8,8,3.2,8192.0,19.51,748.39,22.95,1090.67,0.0003,32.0,340320.0,114.0,1.0,0.99,1.0,5.0,2000000.0,64.0,10000.0,0.0,0.0,0.0,0.0,0.0,0.005,0.2,0.95,3.0,1076.059,5.826,4.883,0.0,False,False,True,-1.0,0
0.0,8,8,3.2,8192.0,20.03,683.33,26.89,829.72,0.0003,32.0,199680.0,116.0,1.0,0.99,1.0,5.0,10000000.0,64.0,10000.0,0.0,0.0,0.0,0.0,0.0,0.005,0.2,0.95,3.0,5303.571,100.0,0.0,1430000.0,False,False,True,779.344,1
0.0,12,14,1.3,16049.62,18.76,938.72,42.94,1351.55,0.0003,32.0,348160.0,99.0,1.0,0.99,1.0,5.0,10000000.0,64.0,10000.0,0.0,0.0,0.0,0.0,0.0,0.005,0.2,0.95,3.0,3662.398,100.0,0.0,2500000.0,False,True,False,3527.474,1
0.0,12,14,1.3,16049.62,19.18,943.62,50.1,1174.77,0.0003,32.0,269280.0,94.0,2.0,0.99,1.0,5.0,10000000.0,64.0,10000.0,0.0,0.0,0.0,0.0,0.0,0.005,0.2,0.95,3.0,2064.155,100.0,0.0,0.0,False,True,False,-1.0,0
0.0,12,14,1.3,16049.62,15.46,834.8,38.88,1153.72,0.0003,32.0,258496.0,108.0,2.0,0.99,1.0,5.0,10000000.0,64.0,10000.0,0.0,0.0,0.0,0.0,0.0,0.005,0.2,0.95,3.0,6158.174,100.0,0.0,2030000.0,False,True,False,6130.843,1
0.0,12,14,1.3,16049.62,20.84,679.74,38.88,706.86,0.0003,32.0,48768.0,104.0,3.0,0.99,1.0,5.0,10000000.0,64.0,10000.0,0.0,0.0,0.0,0.0,0.0,0.005,0.2,0.95,3.0,407.047,100.0,0.0,420000.0,False,True,False,402.142,1
0.0,12,14,1.3,16049.62,14.74,898.24,43.73,1293.03,0.0003,32.0,322752.0,116.0,2.0,0.99,1.0,5.0,10000000.0,64.0,10000.0,0.0,0.0,0.0,0.0,0.0,0.005,0.2,0.95,3.0,5103.279,93.063,18.355,0.0,False,True,False,-1.0,0
0.0,12,14,1.3,16049.62,0.0,0.0,0.0,0.0,0.0003,32.0,348576.0,120.0,2.0,0.99,1.0,5.0,10000000.0,64.0,10000.0,0.0,0.0,0.0,0.0,0.0,0.005,0.2,0.95,3.0,0.0,0.0,0.0,0.0,False,True,False,-1.0,0
0.0,12,14,1.3,16049.62,0.0,0.0,0.0,0.0,0.0003,32.0,401280.0,90.0,1.0,0.99,1.0,5.0,10000000.0,64.0,10000.0,0.0,0.0,0.0,0.0,0.0,0.005,0.2,0.95,3.0,0.0,0.0,0.0,0.0,False,True,False,-1.0,0
0.0,12,14,1.3,16049.62,0.0,0.0,0.0,0.0,0.0003,32.0,216064.0,78.0,1.0,0.99,1.0,5.0,10000000.0,64.0,10000.0,0.0,0.0,0.0,0.0,0.0,0.005,0.2,0.95,3.0,0.0,0.0,0.0,0.0,False,True,False,-1.0,0
0.0,12,14,1.3,16049.62,17.08,832.67,36.79,952.84,0.0003,32.0,160640.0,68.0,2.0,0.99,1.0,5.0,10000000.0,64.0,10000.0,0.0,0.0,0.0,0.0,0.0,0.005,0.2,0.95,3.0,1796.881,100.0,0.0,1160000.0,False,True,False,1783.643,1
0.0,12,14,1.3,16049.62,18.4,970.09,41.62,1340.26,0.0003,32.0,349280.0,104.0,3.0,0.99,1.0,5.0,10000000.0,64.0,10000.0,0.0,0.0,0.0,0.0,0.0,0.005,0.2,0.95,3.0,2643.039,100.0,0.0,2480000.0,False,True,False,2154.118,1
0.0,12,14,1.3,16049.62,18.37,721.03,44.97,767.94,0.0003,32.0,74464.0,85.0,1.0,0.99,1.0,5.0,10000000.0,64.0,10000.0,0.0,0.0,0.0,0.0,0.0,0.005,0.2,0.95,3.0,934.842,100.0,0.0,630000.0,False,True,False,923.275,1
0.0,12,14,1.3,16049.62,17.93,871.36,39.92,1015.48,0.0003,32.0,190848.0,68.0,2.0,0.99,1.0,5.0,10000000.0,64.0,10000.0,0.0,0.0,0.0,0.0,0.0,0.005,0.2,0.95,3.0,3525.176,100.0,0.0,1420000.0,False,True,False,3514.455,1
0.0,12,14,1.3,16049.62,16.74,831.52,42.69,944.76,0.0003,32.0,158432.0,104.0,2.0,0.99,1.0,5.0,10000000.0,64.0,10000.0,0.0,0.0,0.0,0.0,0.0,0.005,0.2,0.95,3.0,1856.753,100.0,0.0,1030000.0,False,True,False,1344.376,1
0.0,12,14,1.3,16049.62,18.57,1111.61,42.97,1536.11,0.0003,32.0,436928.0,87.0,1.0,0.99,1.0,5.0,10000000.0,64.0,10000.0,0.0,0.0,0.0,0.0,0.0,0.005,0.2,0.95,3.0,4885.74,100.0,0.0,3540000.0,False,True,False,4875.508,1
0.0,12,14,1.3,16049.62,19.01,980.13,41.96,1430.84,0.0003,32.0,385152.0,93.0,2.0,0.99,1.0,5.0,10000000.0,64.0,10000.0,0.0,0.0,0.0,0.0,0.0,0.005,0.2,0.95,3.0,15537.869,100.0,0.0,2720000.0,False,True,False,15465.85,1
0.0,12,14,1.3,16049.62,20.18,877.34,38.88,1063.17,0.0003,32.0,213120.0,67.0,3.0,0.99,1.0,5.0,10000000.0,64.0,10000.0,0.0,0.0,0.0,0.0,0.0,0.005,0.2,0.95,3.0,1646.902,100.0,0.0,1310000.0,False,True,False,1636.8,1
0.0,12,14,1.3,16049.62,17.66,863.84,45.69,1024.51,0.0003,32.0,199008.0,87.0,3.0,0.99,1.0,5.0,10000000.0,64.0,10000.0,0.0,0.0,0.0,0.0,0.0,0.005,0.2,0.95,3.0,1241.754,100.0,0.0,1240000.0,False,True,False,1231.256,1
0.0,12,14,1.3,16049.62,18.98,881.13,48.06,1056.29,0.0003,32.0,209984.0,99.0,3.0,0.99,1.0,5.0,10000000.0,64.0,10000.0,0.0,0.0,0.0,0.0,0.0,0.005,0.2,0.95,3.0,1357.668,100.0,0.0,1430000.0,False,True,False,1347.107,1
0.0,12,14,1.3,16049.62,18.58,874.13,45.74,1049.92,0.0003,32.0,207456.0,99.0,2.0,0.99,1.0,5.0,10000000.0,64.0,10000.0,0.0,0.0,0.0,0.0,0.0,0.005,0.2,0.95,3.0,1204.391,100.0,0.0,1320000.0,False,True,False,1194.201,1
0.0,12,14,1.3,16049.62,19.1,1102.55,53.97,1503.45,0.0003,32.0,429728.0,118.0,2.0,0.99,1.0,5.0,10000000.0,64.0,10000.0,0.0,0.0,0.0,0.0,0.0,0.005,0.2,0.95,3.0,2924.296,100.0,0.0,3070000.0,False,True,False,2883.815,1
0.0,12,14,1.3,16049.62,19.76,803.01,44.02,894.24,0.0003,32.0,129248.0,105.0,1.0,0.99,1.0,5.0,10000000.0,64.0,10000.0,0.0,0.0,0.0,0.0,0.0,0.005,0.2,0.95,3.0,896.353,100.0,0.0,1070000.0,False,True,False,886.725,1
0.0,12,14,1.3,16049.62,18.81,1039.28,45.04,1364.13,0.0003,32.0,356768.0,90.0,3.0,0.99,1.0,5.0,10000000.0,64.0,10000.0,0.0,0.0,0.0,0.0,0.0,0.005,0.2,0.95,3.0,2566.171,100.0,0.0,2580000.0,False,True,False,2555.899,1
0.0,12,14,1.3,16049.62,20.3,810.1,43.96,896.93,0.0003,32.0,142976.0,79.0,2.0,0.99,1.0,5.0,10000000.0,64.0,10000.0,0.0,0.0,0.0,0.0,0.0,0.005,0.2,0.95,3.0,1002.384,100.0,0.0,1030000.0,False,True,False,945.957,1
0.0,12,14,1.3,16049.62,18.35,895.95,56.91,1080.41,0.0003,32.0,226368.0,93.0,2.0,0.99,1.0,5.0,10000000.0,64.0,10000.0,0.0,0.0,0.0,0.0,0.0,0.005,0.2,0.95,3.0,1715.697,100.0,0.0,1730000.0,False,True,False,1565.0,1
0.0,12,14,1.3,16049.62,17.95,918.52,47.08,1384.59,0.0003,32.0,362016.0,118.0,2.0,0.99,1.0,5.0,10000000.0,64.0,10000.0,0.0,0.0,0.0,0.0,0.0,0.005,0.2,0.95,3.0,65719.13,100.0,0.0,2560000.0,False,True,False,13540.753,1
0.0,12,14,1.3,16049.62,19.11,824.77,40.89,942.36,0.0003,32.0,163008.0,113.0,3.0,0.99,1.0,5.0,10000000.0,64.0,10000.0,0.0,0.0,0.0,0.0,0.0,0.005,0.2,0.95,3.0,1192.206,100.0,0.0,1170000.0,False,True,False,1181.856,1
0.0,12,14,1.3,16049.62,19.82,1042.06,47.05,1322.56,0.0003,32.0,337248.0,76.0,1.0,0.99,1.0,5.0,10000000.0,64.0,10000.0,0.0,0.0,0.0,0.0,0.0,0.005,0.2,0.95,3.0,2574.466,100.0,0.0,2950000.0,False,True,False,2430.241,1
0.0,12,14,1.3,16049.62,18.57,745.32,49.07,804.51,0.0003,32.0,91936.0,70.0,2.0,0.99,1.0,5.0,10000000.0,64.0,10000.0,0.0,0.0,0.0,0.0,0.0,0.005,0.2,0.95,3.0,714.302,100.0,0.0,790000.0,False,True,False,704.534,1
0.0,12,14,1.3,16049.62,19.69,956.53,53.21,1172.78,0.0003,32.0,269088.0,89.0,1.0,0.99,1.0,5.0,10000000.0,64.0,10000.0,0.0,0.0,0.0,0.0,0.0,0.005,0.2,0.95,3.0,1855.109,100.0,0.0,2200000.0,False,True,False,1845.541,1
0.0,12,14,1.3,16049.62,19.06,727.58,38.51,783.3,0.0003,32.0,78432.0,94.0,1.0,0.99,1.0,5.0,10000000.0,64.0,10000.0,0.0,0.0,0.0,0.0,0.0,0.005,0.2,0.95,3.0,614.304,100.0,0.0,720000.0,False,True,False,604.07,1
0.0,12,14,1.3,16049.62,21.24,767.24,62.39,845.01,0.0003,32.0,107712.0,67.0,3.0,0.99,1.0,5.0,10000000.0,64.0,10000.0,0.0,0.0,0.0,0.0,0.0,0.005,0.2,0.95,3.0,766.622,100.0,0.0,790000.0,False,True,False,756.923,1
0.0,12,14,1.3,16049.62,19.29,716.69,41.96,763.5,0.0003,32.0,68704.0,81.0,2.0,0.99,1.0,5.0,10000000.0,64.0,10000.0,0.0,0.0,0.0,0.0,0.0,0.005,0.2,0.95,3.0,566.278,100.0,0.0,610000.0,False,True,False,532.237,1
0.0,12,14,1.3,16049.62,19.12,906.42,49.11,1124.34,0.0003,32.0,247648.0,83.0,2.0,0.99,1.0,5.0,10000000.0,64.0,10000.0,0.0,0.0,0.0,0.0,0.0,0.005,0.2,0.95,3.0,1640.707,100.0,0.0,1560000.0,False,True,False,1419.277,1
0.0,12,14,1.3,16049.62,19.07,944.65,59.96,1138.1,0.0003,32.0,254368.0,89.0,3.0,0.99,1.0,5.0,10000000.0,64.0,10000.0,0.0,0.0,0.0,0.0,0.0,0.005,0.2,0.95,3.0,1791.04,100.0,0.0,1650000.0,False,True,False,1605.332,1
0.0,12,14,1.3,16049.62,19.01,1030.27,45.01,1353.2,0.0003,32.0,359552.0,112.0,1.0,0.99,1.0,5.0,10000000.0,64.0,10000.0,0.0,0.0,0.0,0.0,0.0,0.005,0.2,0.95,3.0,2176.407,100.0,0.0,2590000.0,False,True,False,2166.393,1
0.0,12,14,1.3,16049.62,18.81,1098.46,41.91,1516.16,0.0003,32.0,420608.0,119.0,3.0,0.99,1.0,5.0,10000000.0,64.0,10000.0,0.0,0.0,0.0,0.0,0.0,0.005,0.2,0.95,3.0,2714.926,100.0,0.0,2770000.0,False,True,False,2704.485,1
0.0,12,14,1.3,16049.62,18.07,896.63,44.0,1122.4,0.0003,32.0,241664.0,95.0,3.0,0.99,1.0,5.0,10000000.0,64.0,10000.0,0.0,0.0,0.0,0.0,0.0,0.005,0.2,0.95,3.0,1527.734,100.0,0.0,1530000.0,False,True,False,1516.958,1
0.0,12,14,1.3,16049.62,19.87,906.56,51.81,1115.58,0.0003,32.0,244544.0,71.0,3.0,0.99,1.0,5.0,10000000.0,64.0,10000.0,0.0,0.0,0.0,0.0,0.0,0.005,0.2,0.95,3.0,1549.194,100.0,0.0,1640000.0,False,True,False,1538.691,1
0.0,12,14,1.3,16049.62,18.23,1007.65,48.75,1300.73,0.0003,32.0,321056.0,104.0,3.0,0.99,1.0,5.0,10000000.0,64.0,10000.0,0.0,0.0,0.0,0.0,0.0,0.005,0.2,0.95,3.0,2057.222,100.0,0.0,1960000.0,False,True,False,2019.415,1
0.0,12,14,1.3,16049.62,18.43,1027.33,40.89,1332.24,0.0003,32.0,341024.0,88.0,2.0,0.99,1.0,5.0,10000000.0,64.0,10000.0,0.0,0.0,0.0,0.0,0.0,0.005,0.2,0.95,3.0,2278.288,100.0,0.0,2420000.0,False,True,False,2267.859,1
0.0,12,14,1.3,16049.62,19.36,1083.75,42.94,1492.18,0.0003,32.0,412256.0,70.0,2.0,0.99,1.0,5.0,10000000.0,64.0,10000.0,0.0,0.0,0.0,0.0,0.0,0.005,0.2,0.95,3.0,2737.867,100.0,0.0,2920000.0,False,True,False,2708.117,1
0.0,12,14,1.3,16049.62,18.31,886.2,40.95,1039.7,0.0003,32.0,202432.0,121.0,1.0,0.99,1.0,5.0,10000000.0,64.0,10000.0,0.0,0.0,0.0,0.0,0.0,0.005,0.2,0.95,3.0,1591.254,100.0,0.0,1660000.0,False,True,False,1546.662,1
0.0,12,14,1.3,16049.62,18.21,875.04,45.16,1006.66,0.0003,32.0,185312.0,115.0,2.0,0.99,1.0,5.0,10000000.0,64.0,10000.0,0.0,0.0,0.0,0.0,0.0,0.005,0.2,0.95,3.0,1366.97,100.0,0.0,1340000.0,False,True,False,1293.299,1
0.0,12,14,1.3,16049.62,19.4,912.59,49.11,1125.95,0.0003,32.0,247424.0,110.0,1.0,0.99,1.0,5.0,10000000.0,64.0,10000.0,0.0,0.0,0.0,0.0,0.0,0.005,0.2,0.95,3.0,1717.455,100.0,0.0,2010000.0,False,True,False,1712.607,1
0.0,12,14,1.3,16049.62,19.42,1077.53,55.23,1483.45,0.0003,32.0,410464.0,69.0,2.0,0.99,1.0,5.0,10000000.0,64.0,10000.0,0.0,0.0,0.0,0.0,0.0,0.005,0.2,0.95,3.0,2411.923,100.0,0.0,2500000.0,False,True,False,2326.856,1
0.0,12,14,1.3,16049.62,19.64,707.54,53.17,748.13,0.0003,32.0,61344.0,70.0,2.0,0.99,1.0,5.0,10000000.0,64.0,10000.0,0.0,0.0,0.0,0.0,0.0,0.005,0.2,0.95,3.0,524.53,98.555,4.571,530000.0,False,True,False,472.962,1
0.0,12,14,1.3,16049.62,19.2,747.31,47.04,825.56,0.0003,32.0,98400.0,74.0,1.0,0.99,1.0,5.0,10000000.0,64.0,10000.0,0.0,0.0,0.0,0.0,0.0,0.005,0.2,0.95,3.0,688.506,100.0,0.0,820000.0,False,True,False,678.922,1
0.0,12,14,1.3,16049.62,18.29,961.2,44.66,1188.06,0.0003,32.0,278752.0,66.0,3.0,0.99,1.0,5.0,10000000.0,64.0,10000.0,0.0,0.0,0.0,0.0,0.0,0.005,0.2,0.95,3.0,1704.576,100.0,0.0,1730000.0,False,True,False,1694.504,1
0.0,12,14,1.3,16049.62,20.21,1005.58,46.0,1453.92,0.0003,32.0,399488.0,113.0,1.0,0.99,1.0,5.0,10000000.0,64.0,10000.0,0.0,0.0,0.0,0.0,0.0,0.005,0.2,0.95,3.0,2908.643,100.0,0.0,2860000.0,False,True,False,2898.505,1
0.0,12,14,1.3,16049.62,18.63,1095.78,48.06,1493.23,0.0003,32.0,417088.0,95.0,2.0,0.99,1.0,5.0,10000000.0,64.0,10000.0,0.0,0.0,0.0,0.0,0.0,0.005,0.2,0.95,3.0,2793.344,100.0,0.0,2960000.0,False,True,False,2782.489,1
0.0,12,14,1.3,16049.62,19.31,651.58,36.82,663.35,0.0003,32.0,34848.0,127.0,2.0,0.99,1.0,5.0,10000000.0,64.0,10000.0,0.0,0.0,0.0,0.0,0.0,0.005,0.2,0.95,3.0,349.872,100.0,0.0,360000.0,False,True,False,339.713,1
0.0,12,14,1.3,16049.62,19.16,1020.52,47.07,1328.28,0.0003,32.0,337312.0,107.0,1.0,0.99,1.0,5.0,10000000.0,64.0,10000.0,0.0,0.0,0.0,0.0,0.0,0.005,0.2,0.95,3.0,2066.295,100.0,0.0,2430000.0,False,True,False,2056.32,1
0.0,12,14,1.3,16049.62,19.8,1029.27,66.49,1339.68,0.0003,32.0,345536.0,70.0,2.0,0.99,1.0,5.0,10000000.0,64.0,10000.0,0.0,0.0,0.0,0.0,0.0,0.005,0.2,0.95,3.0,2311.115,100.0,0.0,2160000.0,False,True,False,1983.972,1
0.0,12,14,1.3,16049.62,17.28,906.98,43.64,1319.55,0.0003,32.0,331840.0,95.0,3.0,0.99,1.0,5.0,10000000.0,64.0,10000.0,0.0,0.0,0.0,0.0,0.0,0.005,0.2,0.95,3.0,3954.575,100.0,0.0,2070000.0,False,True,False,3434.884,1
0.0,12,14,1.3,16049.62,19.43,867.68,51.16,1006.66,0.0003,32.0,187936.0,76.0,3.0,0.99,1.0,5.0,10000000.0,64.0,10000.0,0.0,0.0,0.0,0.0,0.0,0.005,0.2,0.95,3.0,1663.288,100.0,0.0,1500000.0,False,True,False,1545.96,1
0.0,12,14,1.3,16049.62,17.0,742.91,41.17,809.98,0.0003,32.0,86016.0,98.0,3.0,0.99,1.0,5.0,10000000.0,64.0,10000.0,0.0,0.0,0.0,0.0,0.0,0.005,0.2,0.95,3.0,863.474,100.0,0.0,570000.0,False,True,False,728.685,1
0.0,12,14,1.3,16049.62,18.09,809.68,40.94,945.46,0.0003,32.0,157792.0,87.0,1.0,0.99,1.0,5.0,10000000.0,64.0,10000.0,0.0,0.0,0.0,0.0,0.0,0.005,0.2,0.95,3.0,1952.95,100.0,0.0,1300000.0,False,True,False,1906.093,1
0.0,12,14,1.3,16049.62,12.62,804.19,29.51,1066.98,0.0003,32.0,213632.0,71.0,3.0,0.99,1.0,5.0,10000000.0,64.0,10000.0,0.0,0.0,0.0,0.0,0.0,0.005,0.2,0.95,3.0,3458.998,100.0,0.0,1310000.0,False,True,False,3439.683,1
0.0,12,14,1.3,16049.62,7.67,1073.68,12.29,1347.33,0.0003,64.0,617600.0,182.0,3.0,0.817805190526165,1.0,5.0,10000000.0,1898.0,50000.0,8289.0,0.0094877854031474,10.0,0.7244913003572728,19.0,0.0,0.0,0.0,0.0,3066.912,100.0,0.0,400000.0,True,True,False,2831.74,1
0.0,12,14,1.3,16049.62,10.0,1800.1,22.46,1866.55,0.0003,64.0,620928.0,265.0,3.0,0.9337687579413874,1.0,5.0,10000000.0,2026.0,50000.0,8977.0,0.0072153852538583,13.0,0.5863838931885306,5.0,0.0,0.0,0.0,0.0,18832.35,100.0,0.0,7600000.0,True,True,False,16156.186,1
0.0,12,14,1.3,16049.62,7.41,1397.57,9.21,2085.93,0.0003,64.0,790912.0,76.0,2.0,0.9688839988600874,1.0,5.0,10000000.0,1697.0,50000.0,1913.0,0.0089954271232814,1.0,0.9895253646800612,16.0,0.0,0.0,0.0,0.0,6770.617,100.0,0.0,300000.0,True,True,False,2671.075,1
0.0,14,20,2.6,32392.73,14.6,1178.66,41.54,1433.93,0.0,0.0,0.0,0.0,0.0,0.0,0.0,0.0,0.0,0.0,0.0,0.0,0.0,0.0,0.0,0.0,0.0,0.0,0.0,0.0,10960.867,100.0,0.0,2460000.0,False,True,False,2824.635,1
0.0,14,20,1.5,32392.73,12.11,822.44,24.36,1210.59,0.0003,32.0,269280.0,94.0,2.0,0.99,1.0,5.0,10000000.0,64.0,10000.0,0.0,0.0,0.0,0.0,0.0,0.005,0.2,0.95,3.0,5396.535,100.0,0.0,2050000.0,False,True,False,5386.431,1
0.0,14,20,2.6,32392.73,14.09,1089.44,35.45,1252.5,0.0003,32.0,258496.0,108.0,2.0,0.99,1.0,5.0,10000000.0,64.0,10000.0,0.0,0.0,0.0,0.0,0.0,0.005,0.2,0.95,3.0,11284.135,100.0,0.0,1750000.0,False,True,False,2015.014,1
0.0,14,20,2.6,32392.73,11.78,510.42,35.5,768.38,0.0003,32.0,48768.0,104.0,3.0,0.99,1.0,5.0,10000000.0,64.0,10000.0,0.0,0.0,0.0,0.0,0.0,0.005,0.2,0.95,3.0,43568.366,100.0,0.0,630000.0,False,True,False,1548.722,1
0.0,14,20,2.6,32392.73,14.51,1148.78,39.37,1370.99,0.0003,32.0,322752.0,116.0,2.0,0.99,1.0,5.0,10000000.0,64.0,10000.0,0.0,0.0,0.0,0.0,0.0,0.005,0.2,0.95,3.0,11561.218,100.0,0.0,2060000.0,False,True,False,2434.757,1
0.0,14,20,2.6,32392.73,15.77,1025.83,40.11,1390.77,0.0003,32.0,348576.0,120.0,2.0,0.99,1.0,5.0,10000000.0,64.0,10000.0,0.0,0.0,0.0,0.0,0.0,0.005,0.2,0.95,3.0,2608.32,100.0,0.0,2750000.0,False,True,False,2579.427,1
0.0,14,20,2.6,32392.73,15.37,966.86,41.25,1061.65,0.0003,32.0,160640.0,68.0,2.0,0.99,1.0,5.0,10000000.0,64.0,10000.0,0.0,0.0,0.0,0.0,0.0,0.005,0.2,0.95,3.0,10633.253,100.0,0.0,1010000.0,False,True,False,1149.808,1
0.0,14,20,2.6,32392.73,15.23,1096.77,43.69,1428.29,0.0003,32.0,349280.0,104.0,3.0,0.99,1.0,5.0,10000000.0,64.0,10000.0,0.0,0.0,0.0,0.0,0.0,0.005,0.2,0.95,3.0,16763.125,100.0,0.0,2460000.0,False,True,False,2624.244,1
0.0,14,20,2.6,32392.73,14.99,760.5,36.51,818.23,0.0003,32.0,74464.0,85.0,1.0,0.99,1.0,5.0,10000000.0,64.0,10000.0,0.0,0.0,0.0,0.0,0.0,0.005,0.2,0.95,3.0,862.3829999999999,100.0,0.0,630000.0,False,True,False,851.47,1
0.0,14,20,1.5,32392.73,16.5,773.49,45.26,1055.53,0.0003,32.0,190848.0,68.0,2.0,0.99,1.0,5.0,10000000.0,64.0,10000.0,0.0,0.0,0.0,0.0,0.0,0.005,0.2,0.95,3.0,11004.662,100.0,0.0,1290000.0,False,True,False,3466.989,1
0.0,14,20,2.6,32392.73,14.23,970.08,40.81,1063.04,0.0003,32.0,158432.0,104.0,2.0,0.99,1.0,5.0,10000000.0,64.0,10000.0,0.0,0.0,0.0,0.0,0.0,0.005,0.2,0.95,3.0,11879.125,100.0,0.0,1130000.0,False,True,False,1403.855,1
0.0,14,20,2.6,32392.73,13.2,867.75,33.7,1583.45,0.0003,32.0,436928.0,87.0,1.0,0.99,1.0,5.0,10000000.0,64.0,10000.0,0.0,0.0,0.0,0.0,0.0,0.005,0.2,0.95,3.0,8475.117,100.0,0.0,3150000.0,False,True,False,7396.853,1
0.0,14,20,2.6,32392.73,13.62,1202.32,32.92,1496.43,0.0003,32.0,385152.0,93.0,2.0,0.99,1.0,5.0,10000000.0,64.0,10000.0,0.0,0.0,0.0,0.0,0.0,0.005,0.2,0.95,3.0,11470.798,100.0,0.0,2730000.0,False,True,False,3364.149,1
0.0,14,20,1.5,32392.73,16.5,751.77,44.42,1099.01,0.0003,32.0,213120.0,67.0,3.0,0.99,1.0,5.0,10000000.0,64.0,10000.0,0.0,0.0,0.0,0.0,0.0,0.005,0.2,0.95,3.0,10917.769,100.0,0.0,1430000.0,False,True,False,2601.425,1
0.0,14,20,1.5,32392.73,12.8,731.36,45.77,1089.62,0.0003,32.0,207456.0,99.0,2.0,0.99,1.0,5.0,10000000.0,64.0,10000.0,0.0,0.0,0.0,0.0,0.0,0.005,0.2,0.95,3.0,22982.973,100.0,0.0,1490000.0,False,True,False,3039.526,1
0.0,14,20,1.5,32392.73,14.45,1145.88,31.51,1557.88,0.0003,32.0,429728.0,118.0,2.0,0.99,1.0,5.0,10000000.0,64.0,10000.0,0.0,0.0,0.0,0.0,0.0,0.005,0.2,0.95,3.0,3508.932,100.0,0.0,2740000.0,False,True,False,3235.932,1
0.0,14,20,2.6,32392.73,12.7,928.53,36.04,1075.57,0.0003,32.0,197600.0,126.0,3.0,0.99,1.0,5.0,10000000.0,64.0,10000.0,0.0,0.0,0.0,0.0,0.0,0.005,0.2,0.95,3.0,2228.867,100.0,0.0,1620000.0,False,True,False,2213.857,1
0.0,14,20,2.6,32392.73,12.28,657.82,48.73,933.02,0.0003,32.0,129248.0,105.0,1.0,0.99,1.0,5.0,10000000.0,64.0,10000.0,0.0,0.0,0.0,0.0,0.0,0.005,0.2,0.95,3.0,17596.865,100.0,0.0,1200000.0,False,True,False,2489.601,1
0.0,14,20,2.6,32392.73,13.58,1175.76,38.1,1437.47,0.0003,32.0,356768.0,90.0,3.0,0.99,1.0,5.0,10000000.0,64.0,10000.0,0.0,0.0,0.0,0.0,0.0,0.005,0.2,0.95,3.0,12452.297,100.0,0.0,2430000.0,False,True,False,2980.76,1
0.0,14,20,1.5,32392.73,12.04,649.63,45.86,956.71,0.0003,32.0,142976.0,79.0,2.0,0.99,1.0,5.0,10000000.0,64.0,10000.0,0.0,0.0,0.0,0.0,0.0,0.005,0.2,0.95,3.0,30608.625,100.0,0.0,1080000.0,False,True,False,1174.645,1
0.0,14,20,2.6,32392.73,13.69,1036.88,36.29,1173.4,0.0003,32.0,226368.0,93.0,2.0,0.99,1.0,5.0,10000000.0,64.0,10000.0,0.0,0.0,0.0,0.0,0.0,0.005,0.2,0.95,3.0,11330.138,100.0,0.0,1580000.0,False,True,False,1812.399,1
0.0,14,20,1.5,32392.73,15.34,906.54,45.14,1420.19,0.0003,32.0,362016.0,118.0,2.0,0.99,1.0,5.0,10000000.0,64.0,10000.0,0.0,0.0,0.0,0.0,0.0,0.005,0.2,0.95,3.0,17422.424,100.0,0.0,2300000.0,False,True,False,5157.75,1
0.0,14,20,2.6,32392.73,14.41,830.28,44.39,855.42,0.0003,32.0,71584.0,115.0,2.0,0.99,1.0,5.0,10000000.0,64.0,10000.0,0.0,0.0,0.0,0.0,0.0,0.005,0.2,0.95,3.0,10206.445,100.0,0.0,590000.0,False,True,False,509.19,1
0.0,14,20,2.6,32392.73,16.46,974.71,40.54,1069.32,0.0003,32.0,163008.0,113.0,3.0,0.99,1.0,5.0,10000000.0,64.0,10000.0,0.0,0.0,0.0,0.0,0.0,0.005,0.2,0.95,3.0,9826.151,100.0,0.0,1050000.0,False,True,False,1312.485,1
0.0,14,20,2.6,32392.73,12.24,1131.17,27.2,1512.83,0.0003,32.0,404288.0,119.0,3.0,0.99,1.0,5.0,10000000.0,64.0,10000.0,0.0,0.0,0.0,0.0,0.0,0.005,0.2,0.95,3.0,3316.433,100.0,0.0,2510000.0,False,True,False,3182.703,1
0.0,14,20,2.6,32392.73,15.33,1169.14,43.7,1401.36,0.0003,32.0,337248.0,76.0,1.0,0.99,1.0,5.0,10000000.0,64.0,10000.0,0.0,0.0,0.0,0.0,0.0,0.005,0.2,0.95,3.0,9446.249,100.0,0.0,2410000.0,False,True,False,2401.214,1
0.0,14,20,1.5,32392.73,13.66,714.21,35.52,850.29,0.0003,32.0,91936.0,70.0,2.0,0.99,1.0,5.0,10000000.0,64.0,10000.0,0.0,0.0,0.0,0.0,0.0,0.005,0.2,0.95,3.0,2332.693,100.0,0.0,680000.0,False,True,False,1631.228,1
0.0,14,20,2.6,32392.73,14.54,1091.49,45.85,1265.23,0.0003,32.0,269088.0,89.0,1.0,0.99,1.0,5.0,10000000.0,64.0,10000.0,0.0,0.0,0.0,0.0,0.0,0.005,0.2,0.95,3.0,10768.66,100.0,0.0,2300000.0,False,True,False,2579.394,1
0.0,14,20,2.6,32392.73,15.67,840.81,50.36,871.4,0.0003,32.0,78432.0,94.0,1.0,0.99,1.0,5.0,10000000.0,64.0,10000.0,0.0,0.0,0.0,0.0,0.0,0.005,0.2,0.95,3.0,9525.714,100.0,0.0,660000.0,False,True,False,682.904,1
0.0,14,20,1.5,32392.73,17.02,912.31,46.34,984.77,0.0003,32.0,107712.0,67.0,3.0,0.99,1.0,5.0,10000000.0,64.0,10000.0,0.0,0.0,0.0,0.0,0.0,0.005,0.2,0.95,3.0,10302.899,100.0,0.0,860000.0,False,True,False,1586.591,1
0.0,14,20,2.6,32392.73,13.79,691.31,34.87,840.35,0.0003,32.0,68704.0,81.0,2.0,0.99,1.0,5.0,10000000.0,64.0,10000.0,0.0,0.0,0.0,0.0,0.0,0.005,0.2,0.95,3.0,13752.651,100.0,0.0,580000.0,False,True,False,675.62,1
0.0,14,20,2.6,32392.73,16.35,1057.01,43.68,1230.09,0.0003,32.0,247648.0,83.0,2.0,0.99,1.0,5.0,10000000.0,64.0,10000.0,0.0,0.0,0.0,0.0,0.0,0.005,0.2,0.95,3.0,9192.402,100.0,0.0,1770000.0,False,True,False,2037.234,1
0.0,14,20,2.6,32392.73,15.13,764.86,39.65,1176.89,0.0003,32.0,254368.0,89.0,3.0,0.99,1.0,5.0,10000000.0,64.0,10000.0,0.0,0.0,0.0,0.0,0.0,0.005,0.2,0.95,3.0,2352.094,100.0,0.0,1560000.0,False,True,False,2111.379,1
0.0,14,20,2.6,32392.73,13.93,1058.24,36.51,1334.55,0.0003,32.0,321952.0,112.0,1.0,0.99,1.0,5.0,10000000.0,64.0,10000.0,0.0,0.0,0.0,0.0,0.0,0.005,0.2,0.95,3.0,2597.18,100.0,0.0,2300000.0,False,True,False,2584.452,1
0.0,14,20,1.5,32392.73,13.5,982.26,47.73,1589.44,0.0003,32.0,443776.0,88.0,3.0,0.99,1.0,5.0,10000000.0,64.0,10000.0,0.0,0.0,0.0,0.0,0.0,0.005,0.2,0.95,3.0,25766.869,100.0,0.0,2930000.0,False,True,False,7245.375,1
0.0,14,20,2.6,32392.73,14.54,718.08,35.79,1020.28,0.0003,32.0,176576.0,115.0,2.0,0.99,1.0,5.0,10000000.0,64.0,10000.0,0.0,0.0,0.0,0.0,0.0,0.005,0.2,0.95,3.0,18841.251,100.0,0.0,1270000.0,False,True,False,2524.79,1
0.0,14,20,1.5,32392.73,11.95,887.88,33.67,1555.1,0.0003,32.0,420608.0,119.0,3.0,0.99,1.0,5.0,10000000.0,64.0,10000.0,0.0,0.0,0.0,0.0,0.0,0.005,0.2,0.95,3.0,29001.06,100.0,0.0,2710000.0,False,True,False,9766.74,1
0.0,14,20,2.6,32392.73,13.8,1056.53,38.37,1209.73,0.0003,32.0,241664.0,95.0,3.0,0.99,1.0,5.0,10000000.0,64.0,10000.0,0.0,0.0,0.0,0.0,0.0,0.005,0.2,0.95,3.0,12100.549,100.0,0.0,1480000.0,False,True,False,1879.438,1
0.0,14,20,2.6,32392.73,12.42,750.78,35.79,1162.8,0.0003,32.0,240288.0,93.0,3.0,0.99,1.0,5.0,10000000.0,64.0,10000.0,0.0,0.0,0.0,0.0,0.0,0.005,0.2,0.95,3.0,26778.9,100.0,0.0,1720000.0,False,True,False,6566.468,1
0.0,14,20,2.6,32392.73,13.11,897.39,33.45,1167.42,0.0003,32.0,244544.0,71.0,3.0,0.99,1.0,5.0,10000000.0,64.0,10000.0,0.0,0.0,0.0,0.0,0.0,0.005,0.2,0.95,3.0,3205.572,100.0,0.0,1560000.0,False,True,False,3116.875,1
0.0,14,20,2.6,32392.73,13.74,1154.78,35.57,1364.61,0.0003,32.0,321056.0,104.0,3.0,0.99,1.0,5.0,10000000.0,64.0,10000.0,0.0,0.0,0.0,0.0,0.0,0.005,0.2,0.95,3.0,13792.287,100.0,0.0,2270000.0,False,True,False,3205.73,1
0.0,14,20,2.6,32392.73,13.72,1172.11,34.55,1416.95,0.0003,32.0,341024.0,88.0,2.0,0.99,1.0,5.0,10000000.0,64.0,10000.0,0.0,0.0,0.0,0.0,0.0,0.005,0.2,0.95,3.0,11300.889,100.0,0.0,2270000.0,False,True,False,2569.69,1
0.0,14,20,2.6,32392.73,12.93,1136.45,32.95,1529.5,0.0003,32.0,412256.0,70.0,2.0,0.99,1.0,5.0,10000000.0,64.0,10000.0,0.0,0.0,0.0,0.0,0.0,0.005,0.2,0.95,3.0,3023.471,100.0,0.0,2530000.0,False,True,False,3011.921,1
0.0,14,20,1.5,32392.73,14.67,729.81,36.53,1067.16,0.0003,32.0,202432.0,121.0,1.0,0.99,1.0,5.0,10000000.0,64.0,10000.0,0.0,0.0,0.0,0.0,0.0,0.005,0.2,0.95,3.0,16242.467,100.0,0.0,1660000.0,False,True,False,4508.177000000001,1
0.0,14,20,2.6,32392.73,11.85,801.55,24.91,1043.23,0.0003,32.0,185312.0,115.0,2.0,0.99,1.0,5.0,10000000.0,64.0,10000.0,0.0,0.0,0.0,0.0,0.0,0.005,0.2,0.95,3.0,3502.479,100.0,0.0,1350000.0,False,True,False,3482.412,1
0.0,14,20,2.6,32392.73,15.49,888.83,42.96,946.79,0.0003,32.0,98400.0,74.0,1.0,0.99,1.0,5.0,10000000.0,64.0,10000.0,0.0,0.0,0.0,0.0,0.0,0.005,0.2,0.95,3.0,9804.936,100.0,0.0,820000.0,False,True,False,841.581,1
0.0,14,20,2.6,32392.73,11.8,832.41,29.12,1236.33,0.0003,32.0,278752.0,66.0,3.0,0.99,1.0,5.0,10000000.0,64.0,10000.0,0.0,0.0,0.0,0.0,0.0,0.005,0.2,0.95,3.0,4953.9490000000005,100.0,0.0,1770000.0,False,True,False,4890.857,1
0.0,14,20,2.6,32392.73,15.23,1201.37,45.27,1516.04,0.0003,32.0,399488.0,113.0,1.0,0.99,1.0,5.0,10000000.0,64.0,10000.0,0.0,0.0,0.0,0.0,0.0,0.005,0.2,0.95,3.0,10079.616,100.0,0.0,3250000.0,False,True,False,3391.358,1
0.0,14,20,2.6,32392.73,10.29,699.52,21.23,714.32,0.0003,32.0,34848.0,127.0,2.0,0.99,1.0,5.0,10000000.0,64.0,10000.0,0.0,0.0,0.0,0.0,0.0,0.005,0.2,0.95,3.0,1428.414,100.0,0.0,370000.0,False,True,False,990.421,1
0.0,14,20,2.6,32392.73,13.91,1086.68,32.95,1373.39,0.0003,32.0,337312.0,107.0,1.0,0.99,1.0,5.0,10000000.0,64.0,10000.0,0.0,0.0,0.0,0.0,0.0,0.005,0.2,0.95,3.0,3141.354,100.0,0.0,2760000.0,False,True,False,3099.647,1
0.0,14,20,2.6,32392.73,13.96,1159.59,40.13,1410.27,0.0003,32.0,345536.0,70.0,2.0,0.99,1.0,5.0,10000000.0,64.0,10000.0,0.0,0.0,0.0,0.0,0.0,0.005,0.2,0.95,3.0,11611.939,100.0,0.0,2340000.0,False,True,False,2754.779,1
0.0,14,20,2.6,32392.73,13.03,792.48,30.54,849.9,0.0003,32.0,90976.0,67.0,3.0,0.99,1.0,5.0,10000000.0,64.0,10000.0,0.0,0.0,0.0,0.0,0.0,0.005,0.2,0.95,3.0,875.348,100.0,0.0,680000.0,False,True,False,859.051,1
0.0,14,20,2.6,32392.73,13.84,1144.17,36.93,1386.88,0.0003,32.0,331840.0,95.0,3.0,0.99,1.0,5.0,10000000.0,64.0,10000.0,0.0,0.0,0.0,0.0,0.0,0.005,0.2,0.95,3.0,11862.445,100.0,0.0,2250000.0,False,True,False,2664.556,1
0.0,14,20,2.6,32392.73,14.34,869.7,30.75,1047.93,0.0003,32.0,187936.0,76.0,3.0,0.99,1.0,5.0,10000000.0,64.0,10000.0,0.0,0.0,0.0,0.0,0.0,0.005,0.2,0.95,3.0,2185.632,100.0,0.0,1230000.0,False,True,False,2185.632,1
0.0,14,20,2.6,32392.73,14.16,955.53,40.09,1046.08,0.0003,32.0,157792.0,87.0,1.0,0.99,1.0,5.0,10000000.0,64.0,10000.0,0.0,0.0,0.0,0.0,0.0,0.005,0.2,0.95,3.0,10686.981,100.0,0.0,1470000.0,False,True,False,1634.209,1
0.0,14,20,2.6,32392.73,13.38,906.25,32.2,1107.66,0.0003,32.0,213632.0,71.0,3.0,0.99,1.0,5.0,10000000.0,64.0,10000.0,0.0,0.0,0.0,0.0,0.0,0.005,0.2,0.95,3.0,1793.496,100.0,0.0,1490000.0,False,True,False,1736.991,1
0.0,14,20,2.6,32392.73,5.94,1857.24,12.9,1902.39,0.0003,64.0,617600.0,182.0,3.0,0.817805190526165,1.0,5.0,10000000.0,1898.0,50000.0,8289.0,0.0094877854031474,10.0,0.7244913003572728,19.0,0.0,0.0,0.0,0.0,21133.932,100.0,0.0,500000.0,True,True,False,1081.931,1
0.0,14,20,2.6,32392.73,5.71,1640.19,37.98,1908.07,0.0003,64.0,620928.0,265.0,3.0,0.9337687579413874,1.0,5.0,10000000.0,2026.0,50000.0,8977.0,0.0072153852538583,13.0,0.5863838931885306,5.0,0.0,0.0,0.0,0.0,47047.962,100.0,0.0,3400000.0,True,True,False,7424.035000000001,1
0.0,14,20,2.6,32392.73,5.07,1538.94,8.4,1796.14,0.0003,64.0,790912.0,76.0,2.0,0.9688839988600874,1.0,5.0,10000000.0,1697.0,50000.0,1913.0,0.0089954271232814,1.0,0.9895253646800612,16.0,0.0,0.0,0.0,0.0,34610.213,100.0,0.0,2250000.0,True,True,False,33395.209,1
0.0,14,20,1.5,32392.73,9.72,1085.53,18.29,1442.19,0.0003,64.0,368192.0,466.0,3.0,0.9233324131678065,1.0,5.0,10000000.0,387.0,50000.0,5458.0,0.0071478047579656,1.0,0.9301112652167164,2.0,0.0,0.0,0.0,0.0,458513.1670000001,100.0,0.0,9750000.0,True,True,False,448314.888,1
0.0,14,20,2.6,32392.73,5.05,1761.34,9.23,2161.12,0.0003,64.0,755520.0,103.0,2.0,0.8500115082139043,1.0,5.0,10000000.0,2034.0,50000.0,1396.0,0.0076675796751071,1.0,0.522160685224579,10.0,0.0,0.0,0.0,0.0,157492.237,100.0,0.0,200000.0,True,True,False,2077.525,1
0.0,14,20,2.6,32392.73,5.09,1806.26,7.48,2186.23,0.0003,64.0,778880.0,128.0,2.0,0.8246153150516967,1.0,5.0,10000000.0,1806.0,50000.0,2298.0,0.0052766891199773,1.0,0.593657645062674,15.0,0.0,0.0,0.0,0.0,150560.475,98.11,13.366,9050000.0,True,True,False,129542.495,1
0.0,14,20,2.6,32392.73,7.6,1886.0,15.67,2331.77,0.0003,64.0,823104.0,403.0,3.0,0.8153390322708721,1.0,5.0,10000000.0,1800.0,50000.0,4085.0,0.0059566539627587,3.0,0.7553455718114843,8.0,0.0,0.0,0.0,0.0,99513.705,27.965,26.136,0.0,True,True,False,-1.0,0
0.0,14,20,2.6,32392.73,6.0,805.17,26.29,808.25,0.0003,64.0,67584.0,358.0,1.0,0.9458871969645354,1.0,5.0,10000000.0,669.0,50000.0,6821.0,0.0053354676348552,13.0,0.5723437112899297,9.0,0.0,0.0,0.0,0.0,14785.492,92.377,26.408,5850000.0,True,True,False,8702.955,1
0.0,14,20,2.6,32392.73,7.07,1210.21,11.47,1662.9,0.0003,64.0,833152.0,348.0,3.0,0.851379957575771,1.0,5.0,10000000.0,471.0,50000.0,3961.0,0.0072014727958354,13.0,0.7051613449305529,19.0,0.0,0.0,0.0,0.0,1082.695,99.704,2.072,400000.0,True,True,False,875.754,1
0.0,14,20,2.6,32392.73,6.87,1120.68,21.37,1320.55,0.0003,64.0,318400.0,303.0,3.0,0.8799293601017587,1.0,5.0,10000000.0,288.0,50000.0,9268.0,0.0085975125320596,4.0,0.8658636457319044,18.0,0.0,0.0,0.0,0.0,87071.639,96.402,12.621,6300000.0,True,True,False,47023.866,1
0.0,14,20,2.6,32392.73,6.2,1068.9,15.76,1075.53,0.0003,64.0,205376.0,198.0,1.0,0.8234246976017736,1.0,5.0,10000000.0,1634.0,50000.0,694.0,0.0057703680946014,12.0,0.5584025755000198,9.0,0.0,0.0,0.0,0.0,14230.465,3.07,2.706,0.0,True,True,False,-1.0,0
0.0,14,20,2.6,32392.73,6.68,1634.95,13.54,1881.91,0.0003,64.0,622272.0,380.0,2.0,0.92747938448935,1.0,5.0,10000000.0,1912.0,50000.0,3241.0,0.00878169201082,19.0,0.6161349795529376,15.0,0.0,0.0,0.0,0.0,13620.786,100.0,0.0,400000.0,True,True,False,1325.572,1
0.0,14,20,1.5,32392.73,6.31,1112.96,15.77,1405.31,0.0,0.0,0.0,0.0,0.0,0.0,0.0,0.0,0.0,0.0,0.0,0.0,0.0,0.0,0.0,0.0,0.0,0.0,0.0,0.0,25757.048,2.0,1.472,0.0,False,True,False,-1.0,0
0.0,14,20,2.6,32392.73,5.6,972.66,19.46,978.48,0.0003,64.0,151232.0,114.0,3.0,0.9311916346947692,1.0,5.0,10000000.0,852.0,50000.0,8547.0,0.0085647794389993,12.0,0.5123648592638903,14.0,0.0,0.0,0.0,0.0,16582.172,100.0,0.0,4700000.0,True,True,False,8100.82,1
0.0,14,20,2.6,32392.73,6.37,1270.52,34.17,1285.28,0.0003,64.0,311424.0,286.0,1.0,0.8548948063593165,1.0,5.0,10000000.0,732.0,50000.0,362.0,0.0052610829985482,12.0,0.917975788101736,14.0,0.0,0.0,0.0,0.0,15009.799,81.453,38.745,0.0,True,True,False,-1.0,0
0.0,14,20,2.6,32392.73,5.07,996.79,13.54,1003.95,0.0003,64.0,164544.0,66.0,2.0,0.8569215242935381,1.0,5.0,10000000.0,1523.0,50000.0,5795.0,0.0080546253947173,14.0,0.6577488844422633,15.0,0.0,0.0,0.0,0.0,13787.66,92.659,25.954,8250000.0,True,True,False,11445.89,1
0.0,14,20,2.6,32392.73,6.06,1662.1,16.22,1950.2,0.0003,64.0,665664.0,77.0,2.0,0.9779067670315844,1.0,5.0,10000000.0,882.0,50000.0,8412.0,0.0070131262670239,18.0,0.9350749619267036,15.0,0.0,0.0,0.0,0.0,2031.667,100.0,0.0,1350000.0,True,True,False,1896.287,1
0.0,14,20,2.6,32392.73,5.33,1149.73,21.34,1161.27,0.0003,64.0,245632.0,70.0,2.0,0.8048093211626101,1.0,5.0,10000000.0,1203.0,50000.0,5240.0,0.0075792759461588,13.0,0.69611681940924,3.0,0.0,0.0,0.0,0.0,17201.9,58.949,48.576,0.0,True,True,False,-1.0,0
0.0,14,20,2.6,32392.73,5.36,911.53,18.62,919.21,0.0003,64.0,120832.0,159.0,1.0,0.8745622752368736,1.0,5.0,10000000.0,1919.0,50000.0,6399.0,0.0063738676462425,20.0,0.956990390027692,17.0,0.0,0.0,0.0,0.0,11534.975,92.626,26.071,0.0,True,True,False,-1.0,0
0.0,14,20,2.6,32392.73,5.76,1437.27,8.6,2130.39,0.0003,64.0,832896.0,108.0,3.0,0.8377979485198248,1.0,5.0,10000000.0,460.0,50000.0,3944.0,0.0059376315372052,19.0,0.5691729451486052,1.0,0.0,0.0,0.0,0.0,2085.191,100.0,0.0,650000.0,True,True,False,1811.249,1
0.0,14,20,2.6,32392.73,4.84,572.82,8.31,951.67,0.0003,64.0,152192.0,49.0,2.0,0.8967654289884968,1.0,5.0,10000000.0,1016.0,50000.0,4742.0,0.0082729707528472,12.0,0.868756260177804,5.0,0.0,0.0,0.0,0.0,28911.757,100.0,0.0,0.0,True,True,False,-1.0,0
0.0,14,20,2.6,32392.73,4.87,492.96,20.13,775.77,0.0003,64.0,52864.0,39.0,1.0,0.8433364247368504,1.0,5.0,10000000.0,199.0,50000.0,5672.0,0.0060079023872579,1.0,0.7424713145248425,13.0,0.0,0.0,0.0,0.0,100314.189,82.121,38.119,1350000.0,True,True,False,11486.349,1
0.0,14,20,1.5,32392.73,5.0,698.85,9.32,965.56,0.0003,64.0,145216.0,122.0,3.0,0.9282355472387752,1.0,5.0,10000000.0,1588.0,50000.0,5819.0,0.0065161932307163,9.0,0.5860520700103203,12.0,0.0,0.0,0.0,0.0,38878.733,100.0,0.0,7550000.0,True,True,False,34008.112,1
0.0,14,20,2.6,32392.73,8.65,1563.16,19.95,1844.71,0.0003,64.0,578944.0,506.0,3.0,0.8325171817897535,1.0,5.0,10000000.0,900.0,50000.0,2164.0,0.0095993140050829,6.0,0.8330891000894185,1.0,0.0,0.0,0.0,0.0,62403.447,100.0,0.0,9650000.0,True,True,False,60131.559,1
0.0,14,20,2.6,32392.73,6.61,1049.77,12.83,1342.5,0.0003,64.0,411392.0,208.0,2.0,0.9161012355472504,1.0,5.0,10000000.0,1407.0,50000.0,9132.0,0.0096560371775377,8.0,0.5215716623644546,3.0,0.0,0.0,0.0,0.0,1125.644,100.0,0.0,300000.0,True,True,False,968.282,1
0.0,14,20,2.6,32392.73,6.59,1579.75,21.49,1835.92,0.0003,64.0,592128.0,393.0,2.0,0.9200088814330952,1.0,5.0,10000000.0,440.0,50000.0,380.0,0.0054618521199808,19.0,0.5887106183703593,15.0,0.0,0.0,0.0,0.0,36614.529,98.098,13.582,350000.0,True,True,False,636.462,1
0.0,14,20,2.6,32392.73,4.95,1805.42,6.65,2371.45,0.0003,64.0,871488.0,328.0,1.0,0.9259822735696452,1.0,5.0,10000000.0,1821.0,50000.0,6540.0,0.0080861657895242,3.0,0.597823213680317,16.0,0.0,0.0,0.0,0.0,9905.75,100.0,0.0,2350000.0,True,True,False,8955.423999999999,1
0.0,14,20,1.5,32392.73,7.17,1646.47,44.8,1736.59,0.0003,64.0,710144.0,512.0,1.0,0.8855416782848559,1.0,5.0,10000000.0,588.0,50000.0,943.0,0.0084363118896217,13.0,0.7385553715232522,18.0,0.0,0.0,0.0,0.0,17968.421,71.133,43.605,0.0,True,True,False,-1.0,0
0.0,14,20,2.6,32392.73,5.62,990.8,10.03,1145.73,0.0003,64.0,354624.0,225.0,2.0,0.9915633662904852,1.0,5.0,10000000.0,475.0,50000.0,8332.0,0.0060281233885348,8.0,0.5291800745462698,20.0,0.0,0.0,0.0,0.0,41781.995,100.0,0.0,250000.0,True,True,False,1788.021,1
0.0,14,20,2.6,32392.73,6.26,1304.68,15.64,1481.63,0.0003,64.0,408704.0,287.0,3.0,0.8124172655065267,1.0,5.0,10000000.0,94.0,50000.0,9109.0,0.0075463436123511,19.0,0.9101357074293874,15.0,0.0,0.0,0.0,0.0,16746.877,41.806,34.378,600000.0,True,True,False,1067.776,1
0.0,14,20,2.6,32392.73,5.14,1329.71,10.02,1392.32,0.0003,64.0,364736.0,41.0,3.0,0.8428610284597264,1.0,5.0,10000000.0,1426.0,50000.0,7102.0,0.0056292332532914,16.0,0.727368196316964,18.0,0.0,0.0,0.0,0.0,10239.89,98.133,13.199,3850000.0,True,True,False,1341.622,1
0.0,14,20,2.6,32392.73,5.3,903.68,14.21,951.54,0.0003,64.0,134720.0,163.0,2.0,0.8881099939570651,1.0,5.0,10000000.0,1726.0,50000.0,6069.0,0.0081454887547483,8.0,0.8808721359998053,2.0,0.0,0.0,0.0,0.0,48485.071,98.073,13.629,4450000.0,True,True,False,11954.101,1
0.0,14,20,2.6,32392.73,7.18,1058.67,13.49,1156.68,0.0003,64.0,227392.0,372.0,3.0,0.8814009606867841,1.0,5.0,10000000.0,689.0,50000.0,7609.0,0.0087422904743188,4.0,0.992792745749198,3.0,0.0,0.0,0.0,0.0,61385.368,100.0,0.0,9000000.0,True,True,False,54116.364,1
0.0,14,20,2.6,32392.73,5.18,2005.72,10.04,2065.35,0.0003,64.0,706752.0,76.0,3.0,0.8601272379031848,1.0,5.0,10000000.0,1143.0,50000.0,4575.0,0.0096686295848611,11.0,0.8146497811670674,13.0,0.0,0.0,0.0,0.0,14914.733,100.0,0.0,550000.0,True,True,False,837.055,1
0.0,14,20,1.5,32392.73,4.79,1471.88,10.04,1690.26,0.0003,64.0,519104.0,144.0,2.0,0.9230424759495386,1.0,5.0,10000000.0,1713.0,50000.0,9647.0,0.0053729505430036,6.0,0.7628101086812981,12.0,0.0,0.0,0.0,0.0,52054.028,100.0,0.0,250000.0,True,True,False,732.12,1
0.0,14,20,2.6,32392.73,7.32,1897.29,27.74,1950.7,0.0,0.0,0.0,0.0,0.0,0.0,0.0,0.0,0.0,0.0,0.0,0.0,0.0,0.0,0.0,0.0,0.0,0.0,0.0,0.0,19792.005,67.431,35.202,0.0,False,True,False,-1.0,0
0.0,14,20,1.5,32392.73,4.78,946.15,7.16,1108.5,0.0003,64.0,222592.0,80.0,1.0,0.959525964605744,1.0,5.0,10000000.0,2027.0,50000.0,8894.0,0.0092684834163351,11.0,0.6379310421014386,4.0,0.0,0.0,0.0,0.0,28724.106,92.6,26.163,0.0,True,True,False,-1.0,0
0.0,14,20,2.6,32392.73,4.87,1450.51,7.13,1474.24,0.0003,64.0,406400.0,57.0,1.0,0.9832742975723812,1.0,5.0,10000000.0,1950.0,50000.0,5694.0,0.0051617394257849,13.0,0.6575218335005671,3.0,0.0,0.0,0.0,0.0,15864.599,94.246,23.254,0.0,True,True,False,-1.0,0
0.0,14,20,2.6,32392.73,6.36,1296.57,20.6,1312.46,0.0003,64.0,328256.0,429.0,1.0,0.8366744966074396,1.0,5.0,10000000.0,306.0,50000.0,3864.0,0.0057906399238318,7.0,0.5392989447130172,11.0,0.0,0.0,0.0,0.0,21293.263,47.549,48.019,0.0,True,True,False,-1.0,0
0.0,14,20,2.6,32392.73,6.32,1167.32,13.62,1300.48,0.0003,64.0,315904.0,356.0,2.0,0.925273576108926,1.0,5.0,10000000.0,1561.0,50000.0,5130.0,0.0050859415721048,12.0,0.8704116722248323,18.0,0.0,0.0,0.0,0.0,2768.051,100.0,0.0,350000.0,True,True,False,758.014,1
0.0,14,20,2.6,32392.73,6.94,1720.95,22.8,1867.13,0.0003,64.0,602432.0,352.0,3.0,0.8446265075172448,1.0,5.0,10000000.0,961.0,50000.0,2420.0,0.0061032963437039,14.0,0.9900619242250142,7.0,0.0,0.0,0.0,0.0,19832.364,100.0,0.0,400000.0,True,True,False,930.744,1
0.0,14,20,2.6,32392.73,6.31,2090.37,24.48,2155.55,0.0003,64.0,751232.0,365.0,1.0,0.8999454778827326,1.0,5.0,10000000.0,627.0,50000.0,2276.0,0.0061387413492321,15.0,0.6623812035866792,10.0,0.0,0.0,0.0,0.0,13304.649,85.789,34.809,0.0,True,True,False,-1.0,0
0.0,14,20,2.6,32392.73,5.62,553.04,17.29,854.22,0.0003,64.0,84416.0,302.0,2.0,0.8771839957801936,1.0,5.0,10000000.0,1857.0,50000.0,8414.0,0.0058164541950717,16.0,0.7941191772308351,12.0,0.0,0.0,0.0,0.0,30406.504,96.179,19.106,5750000.0,True,True,False,24857.451,1
0.0,14,20,1.5,32392.73,5.13,1325.51,17.18,1534.6,0.0003,64.0,562368.0,453.0,1.0,0.8431841384616063,1.0,5.0,10000000.0,1880.0,50000.0,9232.0,0.0092851666560553,16.0,0.8910985282204079,17.0,0.0,0.0,0.0,0.0,25546.178,75.585,42.728,0.0,True,True,False,-1.0,0
0.0,14,20,1.5,32392.73,6.56,1743.3,16.48,1847.23,0.0003,64.0,590720.0,440.0,2.0,0.933455151410522,1.0,5.0,10000000.0,385.0,50000.0,7434.0,0.0054887029172262,15.0,0.6147932944498264,2.0,0.0,0.0,0.0,0.0,31103.535,70.003,33.91,300000.0,True,True,False,809.922,1
0.0,14,20,2.6,32392.73,5.24,1899.79,7.14,2321.53,0.0003,64.0,851712.0,47.0,2.0,0.9518224153711264,1.0,5.0,10000000.0,1485.0,50000.0,9326.0,0.0059731129026273,9.0,0.8488731676854528,9.0,0.0,0.0,0.0,0.0,2771.724,100.0,0.0,1550000.0,True,True,False,2605.061,1
0.0,14,20,2.6,32392.73,5.06,784.7,7.14,787.55,0.0003,64.0,53760.0,330.0,1.0,0.924621766698548,1.0,5.0,10000000.0,1498.0,50000.0,9067.0,0.0072857439460043,12.0,0.6657499473001987,14.0,0.0,0.0,0.0,0.0,13786.32,96.258,18.712,4500000.0,True,True,False,6327.556,1
0.0,14,20,1.5,32392.73,6.19,906.57,11.47,950.66,0.0003,64.0,328000.0,307.0,2.0,0.8698718208350185,1.0,5.0,10000000.0,204.0,50000.0,9360.0,0.0096796344829378,1.0,0.8621968191674236,1.0,0.0,0.0,0.0,0.0,198557.424,100.0,0.0,7950000.0,True,True,False,143036.72,1
0.0,14,20,2.6,32392.73,6.76,718.44,15.05,917.96,0.0003,64.0,125696.0,310.0,2.0,0.8380890739347573,1.0,5.0,10000000.0,52.0,50000.0,1730.0,0.0084497195556518,10.0,0.7684563156838535,18.0,0.0,0.0,0.0,0.0,26530.871,100.0,0.0,6700000.0,True,True,False,20207.926,1
0.0,14,20,1.5,32392.73,7.34,1249.12,14.96,1406.15,0.0003,64.0,359360.0,355.0,3.0,0.8356063540350953,1.0,5.0,10000000.0,270.0,50000.0,4264.0,0.0077968467641636,2.0,0.7759232324130421,18.0,0.0,0.0,0.0,0.0,123520.837,0.983,0.645,0.0,True,True,False,-1.0,0
0.0,14,20,2.6,32392.73,6.29,1771.66,12.9,2066.82,0.0003,64.0,700352.0,440.0,2.0,0.9138442742479572,1.0,5.0,10000000.0,1577.0,50000.0,6985.0,0.0070960759609329,3.0,0.5787852058648397,20.0,0.0,0.0,0.0,0.0,96567.713,100.0,0.0,300000.0,True,True,False,1834.944,1
0.0,14,20,2.6,32392.73,7.21,1335.55,25.75,1361.95,0.0003,64.0,347520.0,240.0,1.0,0.8240715219262426,1.0,5.0,10000000.0,731.0,50000.0,7851.0,0.0088312876142601,17.0,0.9063061397968436,20.0,0.0,0.0,0.0,0.0,13205.517,2.534,2.146,0.0,True,True,False,-1.0,0
0.0,4,8,2.8,16090.79,56.24,663.16,85.72,682.23,0.0003,32.0,38528.0,124.0,3.0,0.99,1.0,5.0,10000000.0,64.0,10000.0,0.0,0.0,0.0,0.0,0.0,0.005,0.2,0.95,3.0,704.993,100.0,0.0,420000.0,False,True,False,489.362,1
0.0,4,8,2.8,16090.79,24.56,719.14,53.69,765.89,0.0003,32.0,71552.0,78.0,1.0,0.99,1.0,5.0,10000000.0,64.0,10000.0,0.0,0.0,0.0,0.0,0.0,0.005,0.2,0.95,3.0,637.225,100.0,0.0,630000.0,False,True,False,595.756,1
0.0,4,8,2.8,16090.79,58.96,1101.9,89.3,1512.86,0.0003,32.0,426464.0,84.0,2.0,0.99,1.0,5.0,10000000.0,64.0,10000.0,0.0,0.0,0.0,0.0,0.0,0.005,0.2,0.95,3.0,3525.115,100.0,0.0,3100000.0,False,True,False,3446.642,1
0.0,4,8,2.8,16090.79,60.13,983.6,91.24,1192.95,0.0003,32.0,270656.0,86.0,2.0,0.99,1.0,5.0,10000000.0,64.0,10000.0,0.0,0.0,0.0,0.0,0.0,0.005,0.2,0.95,3.0,2114.466,100.0,0.0,1900000.0,False,True,False,2103.172,1
0.0,4,8,2.8,16090.79,60.56,1102.81,91.07,1484.48,0.0003,32.0,411584.0,114.0,2.0,0.99,1.0,5.0,10000000.0,64.0,10000.0,0.0,0.0,0.0,0.0,0.0,0.005,0.2,0.95,3.0,3443.169,100.0,0.0,2650000.0,False,True,False,2904.864,1
0.0,4,8,2.8,16090.79,59.49,764.21,92.85,829.4,0.0003,32.0,101152.0,107.0,3.0,0.99,1.0,5.0,10000000.0,64.0,10000.0,0.0,0.0,0.0,0.0,0.0,0.005,0.2,0.95,3.0,771.337,100.0,0.0,670000.0,False,True,False,759.757,1
0.0,4,8,2.8,16090.79,59.96,697.92,84.19,729.45,0.0003,32.0,53600.0,98.0,2.0,0.99,1.0,5.0,10000000.0,64.0,10000.0,0.0,0.0,0.0,0.0,0.0,0.005,0.2,0.95,3.0,618.923,100.0,0.0,560000.0,False,True,False,607.497,1
0.0,4,8,2.8,16090.79,58.29,721.96,85.88,775.7,0.0003,32.0,75136.0,121.0,2.0,0.99,1.0,5.0,10000000.0,64.0,10000.0,0.0,0.0,0.0,0.0,0.0,0.005,0.2,0.95,3.0,784.885,100.0,0.0,700000.0,False,True,False,773.664,1
0.0,4,8,2.0,16090.79,23.64,687.1,42.78,718.93,0.0003,32.0,53632.0,91.0,1.0,0.99,1.0,5.0,10000000.0,64.0,10000.0,0.0,0.0,0.0,0.0,0.0,0.005,0.2,0.95,3.0,490.971,100.0,0.0,500000.0,False,True,False,481.058,1
0.0,4,8,2.8,16090.79,59.93,1101.31,94.51,1492.72,0.0003,32.0,418784.0,128.0,2.0,0.99,1.0,5.0,10000000.0,64.0,10000.0,0.0,0.0,0.0,0.0,0.0,0.005,0.2,0.95,3.0,3344.056,100.0,0.0,2970000.0,False,True,False,3332.503,1
0.0,4,8,2.0,16090.79,58.8,1011.66,92.89,1281.74,0.0003,32.0,319328.0,65.0,3.0,0.99,1.0,5.0,10000000.0,64.0,10000.0,0.0,0.0,0.0,0.0,0.0,0.005,0.2,0.95,3.0,2613.945,100.0,0.0,2270000.0,False,True,False,2602.735,1
0.0,4,8,2.8,16090.79,24.42,981.02,46.49,1215.32,0.0003,32.0,286848.0,75.0,1.0,0.99,1.0,5.0,10000000.0,64.0,10000.0,0.0,0.0,0.0,0.0,0.0,0.005,0.2,0.95,3.0,2244.016,100.0,0.0,2100000.0,False,True,False,2012.76,1
0.0,4,8,2.8,16090.79,58.96,1095.03,87.77,1491.5,0.0003,32.0,416384.0,81.0,3.0,0.99,1.0,5.0,10000000.0,64.0,10000.0,0.0,0.0,0.0,0.0,0.0,0.005,0.2,0.95,3.0,3445.262,100.0,0.0,2950000.0,False,True,False,3438.228,1
0.0,4,8,2.8,16090.79,60.13,700.29,92.76,734.34,0.0003,32.0,56576.0,72.0,3.0,0.99,1.0,5.0,10000000.0,64.0,10000.0,0.0,0.0,0.0,0.0,0.0,0.005,0.2,0.95,3.0,630.251,100.0,0.0,510000.0,False,True,False,618.934,1
0.0,4,8,2.8,16090.79,25.12,1044.01,52.84,1343.48,0.0003,32.0,346912.0,87.0,1.0,0.99,1.0,5.0,10000000.0,64.0,10000.0,0.0,0.0,0.0,0.0,0.0,0.005,0.2,0.95,3.0,2845.001,100.0,0.0,2910000.0,False,True,False,2786.402,1
0.0,4,8,2.0,16090.79,24.39,1035.17,53.75,1348.08,0.0003,32.0,348160.0,99.0,1.0,0.99,1.0,5.0,10000000.0,64.0,10000.0,0.0,0.0,0.0,0.0,0.0,0.005,0.2,0.95,3.0,2408.054,100.0,0.0,2470000.0,False,True,False,2398.566,1
0.0,4,8,2.8,16090.79,58.7,732.45,87.34,788.48,0.0003,32.0,86496.0,95.0,2.0,0.99,1.0,5.0,10000000.0,64.0,10000.0,0.0,0.0,0.0,0.0,0.0,0.005,0.2,0.95,3.0,709.29,100.0,0.0,650000.0,False,True,False,703.64,1
0.0,4,8,2.8,16090.79,58.71,821.05,94.11,929.81,0.0003,32.0,157056.0,66.0,2.0,0.99,1.0,5.0,10000000.0,64.0,10000.0,0.0,0.0,0.0,0.0,0.0,0.005,0.2,0.95,3.0,1406.685,100.0,0.0,1170000.0,False,True,False,1263.321,1
0.0,4,8,2.0,16090.79,58.58,812.49,87.47,903.41,0.0003,32.0,141088.0,126.0,2.0,0.99,1.0,5.0,10000000.0,64.0,10000.0,0.0,0.0,0.0,0.0,0.0,0.005,0.2,0.95,3.0,1306.242,100.0,0.0,1020000.0,False,True,False,1138.989,1
0.0,4,8,2.8,16090.79,58.38,955.54,89.55,1166.52,0.0003,32.0,262624.0,99.0,3.0,0.99,1.0,5.0,10000000.0,64.0,10000.0,0.0,0.0,0.0,0.0,0.0,0.005,0.2,0.95,3.0,2020.786,100.0,0.0,1640000.0,False,True,False,2006.879,1
0.0,4,8,1.2,16090.79,24.27,876.92,53.31,1011.17,0.0003,32.0,187008.0,127.0,1.0,0.99,1.0,5.0,10000000.0,64.0,10000.0,0.0,0.0,0.0,0.0,0.0,0.005,0.2,0.95,3.0,1746.331,100.0,0.0,1540000.0,False,True,False,1736.71,1
0.0,4,8,2.8,16090.79,25.01,1087.26,57.29,1482.84,0.0003,32.0,406240.0,89.0,1.0,0.99,1.0,5.0,10000000.0,64.0,10000.0,0.0,0.0,0.0,0.0,0.0,0.005,0.2,0.95,3.0,3509.849,100.0,0.0,3320000.0,False,True,False,3509.849,1
0.0,4,8,2.8,16090.79,25.18,1084.16,60.85,1419.43,0.0003,32.0,376192.0,69.0,1.0,0.99,1.0,5.0,10000000.0,64.0,10000.0,0.0,0.0,0.0,0.0,0.0,0.005,0.2,0.95,3.0,3415.783,100.0,0.0,3070000.0,False,True,False,3297.288,1
0.0,4,8,2.8,16090.79,23.77,825.91,57.24,941.14,0.0003,32.0,161024.0,75.0,1.0,0.99,1.0,5.0,10000000.0,64.0,10000.0,0.0,0.0,0.0,0.0,0.0,0.005,0.2,0.95,3.0,1455.903,100.0,0.0,1320000.0,False,True,False,1417.513,1
0.0,4,8,2.8,16090.79,58.51,864.65,87.31,1008.18,0.0003,32.0,195968.0,90.0,3.0,0.99,1.0,5.0,10000000.0,64.0,10000.0,0.0,0.0,0.0,0.0,0.0,0.005,0.2,0.95,3.0,1558.299,100.0,0.0,1210000.0,False,True,False,1546.698,1
0.0,4,8,2.8,16090.79,55.83,985.08,98.1,1245.0,0.0003,32.0,297568.0,69.0,2.0,0.99,1.0,5.0,10000000.0,64.0,10000.0,0.0,0.0,0.0,0.0,0.0,0.005,0.2,0.95,3.0,2800.786,100.0,0.0,1850000.0,False,True,False,2783.902,1
0.0,4,8,2.8,16090.79,25.43,1091.08,61.96,1483.66,0.0003,32.0,411200.0,74.0,1.0,0.99,1.0,5.0,10000000.0,64.0,10000.0,0.0,0.0,0.0,0.0,0.0,0.005,0.2,0.95,3.0,3049.432,100.0,0.0,2910000.0,False,True,False,3040.358,1
0.0,4,8,2.8,16090.79,24.87,874.01,48.26,1019.31,0.0003,32.0,194816.0,105.0,1.0,0.99,1.0,5.0,10000000.0,64.0,10000.0,0.0,0.0,0.0,0.0,0.0,0.005,0.2,0.95,3.0,1575.518,100.0,0.0,1590000.0,False,True,False,1565.343,1
0.0,4,8,2.8,16090.79,23.18,730.45,51.85,789.94,0.0003,32.0,77504.0,80.0,1.0,0.99,1.0,5.0,10000000.0,64.0,10000.0,0.0,0.0,0.0,0.0,0.0,0.005,0.2,0.95,3.0,643.62,100.0,0.0,650000.0,False,True,False,633.444,1
0.0,4,8,2.8,16090.79,58.04,774.98,90.97,849.99,0.0003,32.0,103488.0,65.0,2.0,0.99,1.0,5.0,10000000.0,64.0,10000.0,0.0,0.0,0.0,0.0,0.0,0.005,0.2,0.95,3.0,949.816,100.0,0.0,850000.0,False,True,False,938.453,1
0.0,4,8,2.8,16090.79,58.38,867.13,80.59,1000.76,0.0003,32.0,184448.0,67.0,3.0,0.99,1.0,5.0,10000000.0,64.0,10000.0,0.0,0.0,0.0,0.0,0.0,0.005,0.2,0.95,3.0,1557.464,100.0,0.0,1300000.0,False,True,False,1545.101,1
0.0,4,8,2.8,16090.79,26.03,678.44,48.49,699.35,0.0003,32.0,45248.0,67.0,1.0,0.99,1.0,5.0,10000000.0,64.0,10000.0,0.0,0.0,0.0,0.0,0.0,0.005,0.2,0.95,3.0,442.019,100.0,0.0,450000.0,False,True,False,442.019,1
0.0,4,8,2.8,16090.79,59.75,957.88,85.95,1223.53,0.0003,32.0,287296.0,118.0,2.0,0.99,1.0,5.0,10000000.0,64.0,10000.0,0.0,0.0,0.0,0.0,0.0,0.005,0.2,0.95,3.0,2210.273,100.0,0.0,1800000.0,False,True,False,2106.19,1
0.0,4,8,2.8,16090.79,23.55,942.98,53.43,1298.6,0.0003,32.0,320992.0,73.0,1.0,0.99,1.0,5.0,10000000.0,64.0,10000.0,0.0,0.0,0.0,0.0,0.0,0.005,0.2,0.95,3.0,2765.888,100.0,0.0,2580000.0,False,True,False,2755.859,1
0.0,4,8,2.8,16090.79,23.8,902.11,53.71,1090.82,0.0003,32.0,225184.0,89.0,1.0,0.99,1.0,5.0,10000000.0,64.0,10000.0,0.0,0.0,0.0,0.0,0.0,0.005,0.2,0.95,3.0,1695.571,100.0,0.0,0.0,False,True,False,-1.0,0
0.0,4,8,2.8,16090.79,60.42,855.74,92.8,965.92,0.0003,32.0,172128.0,82.0,3.0,0.99,1.0,5.0,10000000.0,64.0,10000.0,0.0,0.0,0.0,0.0,0.0,0.005,0.2,0.95,3.0,1489.495,100.0,0.0,1120000.0,False,True,False,1314.391,1
0.0,4,8,2.8,16090.79,60.78,869.11,94.6,1026.25,0.0003,32.0,200320.0,113.0,3.0,0.99,1.0,5.0,10000000.0,64.0,10000.0,0.0,0.0,0.0,0.0,0.0,0.005,0.2,0.95,3.0,1521.777,100.0,0.0,1310000.0,False,True,False,1510.748,1
0.0,4,8,2.0,16090.79,58.68,1005.5,101.67,1274.93,0.0003,32.0,316608.0,125.0,2.0,0.99,1.0,5.0,10000000.0,64.0,10000.0,0.0,0.0,0.0,0.0,0.0,0.005,0.2,0.95,3.0,2623.505,100.0,0.0,2280000.0,False,True,False,2582.899,1
0.0,4,8,2.8,16090.79,26.01,962.65,51.89,1146.68,0.0003,32.0,256096.0,114.0,1.0,0.99,1.0,5.0,10000000.0,64.0,10000.0,0.0,0.0,0.0,0.0,0.0,0.005,0.2,0.95,3.0,2099.613,100.0,0.0,2080000.0,False,True,False,2045.233,1
0.0,4,8,2.8,16090.79,58.65,757.94,84.65,844.65,0.0003,32.0,104512.0,116.0,2.0,0.99,1.0,5.0,10000000.0,64.0,10000.0,0.0,0.0,0.0,0.0,0.0,0.005,0.2,0.95,3.0,883.924,100.0,0.0,780000.0,False,True,False,872.232,1
0.0,4,8,2.8,16090.79,59.31,991.26,87.55,1255.96,0.0003,32.0,307360.0,93.0,2.0,0.99,1.0,5.0,10000000.0,64.0,10000.0,0.0,0.0,0.0,0.0,0.0,0.005,0.2,0.95,3.0,2460.819,100.0,0.0,2180000.0,False,True,False,2449.227,1
0.0,4,8,2.8,16090.79,24.32,818.16,44.74,920.27,0.0003,32.0,152992.0,76.0,1.0,0.99,1.0,5.0,10000000.0,64.0,10000.0,0.0,0.0,0.0,0.0,0.0,0.005,0.2,0.95,3.0,1265.104,100.0,0.0,1280000.0,False,True,False,1230.618,1
0.0,4,8,2.8,16090.79,25.54,1006.6,48.1,1279.31,0.0003,32.0,319936.0,97.0,1.0,0.99,1.0,5.0,10000000.0,64.0,10000.0,0.0,0.0,0.0,0.0,0.0,0.005,0.2,0.95,3.0,2291.217,100.0,0.0,0.0,False,True,False,-1.0,0
0.0,4,8,2.8,16090.79,59.07,970.85,85.55,1180.79,0.0003,32.0,274784.0,126.0,3.0,0.99,1.0,5.0,10000000.0,64.0,10000.0,0.0,0.0,0.0,0.0,0.0,0.005,0.2,0.95,3.0,2359.249,100.0,0.0,1900000.0,False,True,False,2154.027,1
0.0,4,8,2.8,16090.79,25.97,709.68,64.39,749.2,0.0003,32.0,63072.0,108.0,1.0,0.99,1.0,5.0,10000000.0,64.0,10000.0,0.0,0.0,0.0,0.0,0.0,0.005,0.2,0.95,3.0,524.589,100.0,0.0,540000.0,False,True,False,515.057,1
0.0,4,8,2.8,16090.79,25.55,1045.12,62.69,1362.67,0.0003,32.0,355360.0,70.0,1.0,0.99,1.0,5.0,10000000.0,64.0,10000.0,0.0,0.0,0.0,0.0,0.0,0.005,0.2,0.95,3.0,2808.811,100.0,0.0,2850000.0,False,True,False,2799.238,1
0.0,4,8,2.8,16090.79,56.72,861.02,99.9,990.12,0.0003,32.0,189440.0,64.0,2.0,0.99,1.0,5.0,10000000.0,64.0,10000.0,0.0,0.0,0.0,0.0,0.0,0.005,0.2,0.95,3.0,1534.258,98.122,5.311,1250000.0,False,True,False,1324.006,1
0.0,4,8,2.8,16090.79,60.19,772.55,84.14,870.2,0.0003,32.0,117312.0,107.0,2.0,0.99,1.0,5.0,10000000.0,64.0,10000.0,0.0,0.0,0.0,0.0,0.0,0.005,0.2,0.95,3.0,843.066,98.525,4.892,780000.0,False,True,False,831.941,1
0.0,4,8,2.8,16090.79,60.25,682.88,85.55,710.38,0.0003,32.0,48192.0,90.0,2.0,0.99,1.0,5.0,10000000.0,64.0,10000.0,0.0,0.0,0.0,0.0,0.0,0.005,0.2,0.95,3.0,488.104,100.0,0.0,430000.0,False,True,False,454.813,1
0.0,4,8,2.8,16090.79,59.73,873.67,92.71,1026.44,0.0003,32.0,195968.0,109.0,2.0,0.99,1.0,5.0,10000000.0,64.0,10000.0,0.0,0.0,0.0,0.0,0.0,0.005,0.2,0.95,3.0,1628.007,100.0,0.0,1320000.0,False,True,False,1410.912,1
0.0,4,8,2.8,16090.79,59.92,1100.14,90.7,1525.55,0.0003,32.0,430656.0,127.0,3.0,0.99,1.0,5.0,10000000.0,64.0,10000.0,0.0,0.0,0.0,0.0,0.0,0.005,0.2,0.95,3.0,3215.651,100.0,0.0,2640000.0,False,True,False,3147.484,1
0.0,4,8,2.8,16090.79,25.11,1100.29,57.24,1493.03,0.0003,32.0,415328.0,104.0,1.0,0.99,1.0,5.0,10000000.0,64.0,10000.0,0.0,0.0,0.0,0.0,0.0,0.005,0.2,0.95,3.0,3349.808,100.0,0.0,3170000.0,False,True,False,3075.799,1
0.0,4,8,2.0,16090.79,24.99,1020.83,64.39,1305.73,0.0003,32.0,328672.0,121.0,1.0,0.99,1.0,5.0,10000000.0,64.0,10000.0,0.0,0.0,0.0,0.0,0.0,0.005,0.2,0.95,3.0,2594.871,100.0,0.0,0.0,False,True,False,-1.0,0
0.0,4,8,2.8,16090.79,60.44,1050.37,96.69,1359.45,0.0003,32.0,353600.0,125.0,3.0,0.99,1.0,5.0,10000000.0,64.0,10000.0,0.0,0.0,0.0,0.0,0.0,0.005,0.2,0.95,3.0,2690.508,100.0,0.0,2280000.0,False,True,False,2577.084,1
0.0,4,8,2.8,16090.79,24.87,908.4,48.33,1109.14,0.0003,32.0,234400.0,119.0,1.0,0.99,1.0,5.0,10000000.0,64.0,10000.0,0.0,0.0,0.0,0.0,0.0,0.005,0.2,0.95,3.0,1907.81,100.0,0.0,1910000.0,False,True,False,1898.281,1
0.0,4,8,2.8,16090.79,60.11,959.22,83.76,1149.08,0.0003,32.0,258496.0,108.0,2.0,0.99,1.0,5.0,10000000.0,64.0,10000.0,0.0,0.0,0.0,0.0,0.0,0.005,0.2,0.95,3.0,2114.213,100.0,0.0,1840000.0,False,True,False,2102.435,1
0.0,4,8,2.8,16090.79,58.52,970.01,85.74,1191.29,0.0003,32.0,270976.0,65.0,3.0,0.99,1.0,5.0,10000000.0,64.0,10000.0,0.0,0.0,0.0,0.0,0.0,0.005,0.2,0.95,3.0,2082.493,98.255,5.52,1780000.0,False,True,False,2070.905,1
0.0,4,8,2.8,16090.79,58.64,685.74,81.72,714.42,0.0003,32.0,48768.0,104.0,3.0,0.99,1.0,5.0,10000000.0,64.0,10000.0,0.0,0.0,0.0,0.0,0.0,0.005,0.2,0.95,3.0,508.565,100.0,0.0,410000.0,False,True,False,496.574,1
0.0,4,8,2.8,16090.79,60.23,893.14,90.61,1068.98,0.0003,32.0,216032.0,90.0,3.0,0.99,1.0,5.0,10000000.0,64.0,10000.0,0.0,0.0,0.0,0.0,0.0,0.005,0.2,0.95,3.0,2105.395,100.0,0.0,1370000.0,False,True,False,1635.607,1
0.0,4,8,2.8,16090.79,23.95,782.03,41.19,867.18,0.0003,32.0,113440.0,92.0,1.0,0.99,1.0,5.0,10000000.0,64.0,10000.0,0.0,0.0,0.0,0.0,0.0,0.005,0.2,0.95,3.0,999.88,100.0,0.0,920000.0,False,True,False,989.221,1
0.0,4,8,2.8,16090.79,58.63,681.5,69.8,727.23,0.0003,32.0,447168.0,78.0,2.0,0.99,1.0,5.0,10000000.0,64.0,10000.0,0.0,0.0,0.0,0.0,0.0,0.005,0.2,0.95,3.0,44.62,100.0,0.0,7200000.0,False,True,False,33.363,1
0.0,4,8,2.0,16090.79,25.51,866.6,59.22,1016.6,0.0003,32.0,196160.0,100.0,1.0,0.99,1.0,5.0,10000000.0,64.0,10000.0,0.0,0.0,0.0,0.0,0.0,0.005,0.2,0.95,3.0,1673.77,100.0,0.0,1590000.0,False,True,False,1663.559,1
0.0,4,8,2.8,16090.79,25.03,901.52,48.36,1095.02,0.0003,32.0,229056.0,72.0,1.0,0.99,1.0,5.0,10000000.0,64.0,10000.0,0.0,0.0,0.0,0.0,0.0,0.005,0.2,0.95,3.0,1927.487,100.0,0.0,1860000.0,False,True,False,1917.519,1
0.0,4,8,2.8,16090.79,59.55,807.73,94.89,900.67,0.0003,32.0,141696.0,123.0,3.0,0.99,1.0,5.0,10000000.0,64.0,10000.0,0.0,0.0,0.0,0.0,0.0,0.005,0.2,0.95,3.0,1294.005,100.0,0.0,950000.0,False,True,False,1152.935,1
0.0,4,8,2.8,16090.79,56.51,703.38,79.95,733.2,0.0003,32.0,60768.0,121.0,2.0,0.99,1.0,5.0,10000000.0,64.0,10000.0,0.0,0.0,0.0,0.0,0.0,0.005,0.2,0.95,3.0,612.105,100.0,0.0,520000.0,False,True,False,600.148,1
0.0,4,8,2.0,16090.79,60.23,1011.48,89.56,1308.07,0.0003,32.0,333184.0,112.0,3.0,0.99,1.0,5.0,10000000.0,64.0,10000.0,0.0,0.0,0.0,0.0,0.0,0.005,0.2,0.95,3.0,2603.338,100.0,0.0,2100000.0,False,True,False,2590.87,1
0.0,4,8,2.8,16090.79,59.39,1118.52,98.52,1537.87,0.0003,32.0,439296.0,81.0,2.0,0.99,1.0,5.0,10000000.0,64.0,10000.0,0.0,0.0,0.0,0.0,0.0,0.005,0.2,0.95,3.0,3707.141,100.0,0.0,0.0,False,True,False,-1.0,0
0.0,4,8,2.0,16090.79,60.92,1127.44,105.81,1564.16,0.0003,32.0,447904.0,78.0,2.0,0.99,1.0,5.0,10000000.0,64.0,10000.0,0.0,0.0,0.0,0.0,0.0,0.005,0.2,0.95,3.0,3817.449,100.0,0.0,3160000.0,False,True,False,3738.782,1
0.0,4,8,2.8,16090.79,25.07,1007.16,53.74,1297.37,0.0003,32.0,328256.0,65.0,1.0,0.99,1.0,5.0,10000000.0,64.0,10000.0,0.0,0.0,0.0,0.0,0.0,0.005,0.2,0.95,3.0,2510.521,100.0,0.0,2540000.0,False,True,False,2499.741,1
0.0,4,8,2.8,16090.79,58.41,1113.21,87.04,1511.65,0.0003,32.0,427360.0,109.0,3.0,0.99,1.0,5.0,10000000.0,64.0,10000.0,0.0,0.0,0.0,0.0,0.0,0.005,0.2,0.95,3.0,3517.83,100.0,0.0,2600000.0,False,True,False,3275.77,1
0.0,4,8,2.8,16090.79,59.55,772.63,100.34,846.37,0.0003,32.0,105280.0,71.0,3.0,0.99,1.0,5.0,10000000.0,64.0,10000.0,0.0,0.0,0.0,0.0,0.0,0.005,0.2,0.95,3.0,964.779,100.0,0.0,0.0,False,True,False,-1.0,0
0.0,4,8,2.8,16090.79,59.41,1088.8,89.55,1480.6,0.0003,32.0,410848.0,84.0,2.0,0.99,1.0,5.0,10000000.0,64.0,10000.0,0.0,0.0,0.0,0.0,0.0,0.005,0.2,0.95,3.0,3456.964,100.0,0.0,2890000.0,False,True,False,3414.513,1
0.0,4,8,2.8,16090.79,58.57,694.26,88.34,728.25,0.0003,32.0,52288.0,89.0,3.0,0.99,1.0,5.0,10000000.0,64.0,10000.0,0.0,0.0,0.0,0.0,0.0,0.005,0.2,0.95,3.0,796.444,100.0,0.0,490000.0,False,True,False,590.991,1
0.0,4,8,2.8,16090.79,59.41,734.31,84.19,796.59,0.0003,32.0,80000.0,89.0,2.0,0.99,1.0,5.0,10000000.0,64.0,10000.0,0.0,0.0,0.0,0.0,0.0,0.005,0.2,0.95,3.0,689.597,100.0,0.0,590000.0,False,True,False,677.831,1
0.0,4,8,2.8,16090.79,24.33,1061.77,59.08,1405.48,0.0003,32.0,377760.0,113.0,1.0,0.99,1.0,5.0,10000000.0,64.0,10000.0,0.0,0.0,0.0,0.0,0.0,0.005,0.2,0.95,3.0,2898.011,100.0,0.0,2680000.0,False,True,False,2773.779,1
0.0,4,8,2.8,16090.79,59.46,904.12,98.16,1109.12,0.0003,32.0,238816.0,75.0,2.0,0.99,1.0,5.0,10000000.0,64.0,10000.0,0.0,0.0,0.0,0.0,0.0,0.005,0.2,0.95,3.0,2056.558,100.0,0.0,1780000.0,False,True,False,2044.523,1
0.0,4,8,2.8,16090.79,59.1,1057.12,89.55,1421.69,0.0003,32.0,385696.0,88.0,2.0,0.99,1.0,5.0,10000000.0,64.0,10000.0,0.0,0.0,0.0,0.0,0.0,0.005,0.2,0.95,3.0,2789.537,100.0,0.0,2390000.0,False,True,False,2789.537,1
0.0,4,8,2.0,16090.79,25.0,738.89,60.84,797.09,0.0003,32.0,89664.0,90.0,1.0,0.99,1.0,5.0,10000000.0,64.0,10000.0,0.0,0.0,0.0,0.0,0.0,0.005,0.2,0.95,3.0,764.455,100.0,0.0,750000.0,False,True,False,754.31,1
0.0,8,16,2.89,15264.32,41.71,1650.13,44.96,1953.37,0.0003,32.0,348160.0,99.0,1.0,0.99,1.0,5.0,10000000.0,64.0,10000.0,0.0,0.0,0.0,0.0,0.0,0.005,0.2,0.95,3.0,1153.0,100.0,0.0,2860000.0,False,False,False,1148.6709999999998,1
0.0,8,16,2.73,15264.32,41.36,1514.26,44.94,1737.46,0.0003,32.0,258496.0,108.0,2.0,0.99,1.0,5.0,10000000.0,64.0,10000.0,0.0,0.0,0.0,0.0,0.0,0.005,0.2,0.95,3.0,772.019,100.0,0.0,1780000.0,False,False,False,766.891,1
0.0,8,16,1.46,15264.32,40.49,1227.14,44.31,1238.29,0.0003,32.0,48768.0,104.0,3.0,0.99,1.0,5.0,10000000.0,64.0,10000.0,0.0,0.0,0.0,0.0,0.0,0.005,0.2,0.95,3.0,209.471,100.0,0.0,430000.0,False,False,False,194.388,1
0.0,8,16,1.47,15264.32,41.03,1640.87,44.94,1882.02,0.0003,32.0,322752.0,116.0,2.0,0.99,1.0,5.0,10000000.0,64.0,10000.0,0.0,0.0,0.0,0.0,0.0,0.005,0.2,0.95,3.0,1052.957,100.0,0.0,2290000.0,False,False,False,1036.863,1
0.0,8,16,1.8,15264.32,41.38,1406.16,44.93,1500.11,0.0003,32.0,160640.0,68.0,2.0,0.99,1.0,5.0,10000000.0,64.0,10000.0,0.0,0.0,0.0,0.0,0.0,0.005,0.2,0.95,3.0,504.488,100.0,0.0,1170000.0,False,False,False,499.72,1
0.0,8,16,2.43,15264.32,41.51,1670.7,44.93,1941.22,0.0003,32.0,349280.0,104.0,3.0,0.99,1.0,5.0,10000000.0,64.0,10000.0,0.0,0.0,0.0,0.0,0.0,0.005,0.2,0.95,3.0,1120.658,100.0,0.0,2480000.0,False,False,False,1115.926,1
0.0,8,16,3.04,15264.32,41.31,1449.01,44.93,1571.58,0.0003,32.0,190848.0,68.0,2.0,0.99,1.0,5.0,10000000.0,64.0,10000.0,0.0,0.0,0.0,0.0,0.0,0.005,0.2,0.95,3.0,607.603,100.0,0.0,1470000.0,False,False,False,604.798,1
0.0,8,16,2.13,15264.32,40.32,1394.81,44.34,1502.26,0.0003,32.0,158432.0,104.0,2.0,0.99,1.0,5.0,10000000.0,64.0,10000.0,0.0,0.0,0.0,0.0,0.0,0.005,0.2,0.95,3.0,560.67,100.0,0.0,1140000.0,False,False,False,555.157,1
0.0,8,16,1.71,15264.31,41.31,1753.45,44.94,2144.99,0.0003,32.0,436928.0,87.0,1.0,0.99,1.0,5.0,10000000.0,64.0,10000.0,0.0,0.0,0.0,0.0,0.0,0.005,0.2,0.95,3.0,1307.619,100.0,0.0,3120000.0,False,False,False,1303.077,1
0.0,8,16,1.67,15264.31,41.26,1713.55,45.56,2036.93,0.0003,32.0,385152.0,93.0,2.0,0.99,1.0,5.0,10000000.0,64.0,10000.0,0.0,0.0,0.0,0.0,0.0,0.005,0.2,0.95,3.0,1192.827,100.0,0.0,2790000.0,False,False,False,1188.194,1
0.0,8,16,1.7,15264.31,41.7,1481.16,45.58,1621.93,0.0003,32.0,213120.0,67.0,3.0,0.99,1.0,5.0,10000000.0,64.0,10000.0,0.0,0.0,0.0,0.0,0.0,0.005,0.2,0.95,3.0,669.958,100.0,0.0,1410000.0,False,False,False,599.9,1
0.0,8,16,1.81,15264.31,41.66,1475.27,45.56,1613.65,0.0003,32.0,207456.0,99.0,2.0,0.99,1.0,5.0,10000000.0,64.0,10000.0,0.0,0.0,0.0,0.0,0.0,0.005,0.2,0.95,3.0,653.061,100.0,0.0,1300000.0,False,False,False,549.902,1
0.0,8,16,2.01,15264.31,41.46,1754.95,44.96,2134.41,0.0003,32.0,429728.0,118.0,2.0,0.99,1.0,5.0,10000000.0,64.0,10000.0,0.0,0.0,0.0,0.0,0.0,0.005,0.2,0.95,3.0,1134.431,100.0,0.0,2620000.0,False,False,False,1129.86,1
0.0,8,16,1.6,15264.31,41.16,1365.71,44.93,1427.81,0.0003,32.0,129248.0,105.0,1.0,0.99,1.0,5.0,10000000.0,64.0,10000.0,0.0,0.0,0.0,0.0,0.0,0.005,0.2,0.95,3.0,441.092,100.0,0.0,1060000.0,False,False,False,436.467,1
0.0,8,16,1.58,15264.32,40.86,1667.05,44.94,1971.93,0.0003,32.0,356768.0,90.0,3.0,0.99,1.0,5.0,10000000.0,64.0,10000.0,0.0,0.0,0.0,0.0,0.0,0.005,0.2,0.95,3.0,987.281,100.0,0.0,2220000.0,False,False,False,982.559,1
0.0,8,16,2.02,15264.32,41.47,1381.3,44.94,1468.16,0.0003,32.0,142976.0,79.0,2.0,0.99,1.0,5.0,10000000.0,64.0,10000.0,0.0,0.0,0.0,0.0,0.0,0.005,0.2,0.95,3.0,487.535,100.0,0.0,1130000.0,False,False,False,456.815,1
0.0,8,16,1.33,15264.32,41.8,1494.11,45.56,1661.52,0.0003,32.0,226368.0,93.0,2.0,0.99,1.0,5.0,10000000.0,64.0,10000.0,0.0,0.0,0.0,0.0,0.0,0.005,0.2,0.95,3.0,692.284,100.0,0.0,1460000.0,False,False,False,611.259,1
0.0,8,16,2.04,15264.32,41.54,1413.29,44.94,1510.58,0.0003,32.0,163008.0,113.0,3.0,0.99,1.0,5.0,10000000.0,64.0,10000.0,0.0,0.0,0.0,0.0,0.0,0.005,0.2,0.95,3.0,592.506,100.0,0.0,1200000.0,False,False,False,528.702,1
0.0,8,16,1.86,15264.32,41.48,1648.97,45.56,1915.34,0.0003,32.0,337248.0,76.0,1.0,0.99,1.0,5.0,10000000.0,64.0,10000.0,0.0,0.0,0.0,0.0,0.0,0.005,0.2,0.95,3.0,984.589,100.0,0.0,2400000.0,False,False,False,971.229,1
0.0,8,16,1.7,15264.31,41.73,1293.27,44.32,1331.42,0.0003,32.0,91936.0,70.0,2.0,0.99,1.0,5.0,10000000.0,64.0,10000.0,0.0,0.0,0.0,0.0,0.0,0.005,0.2,0.95,3.0,323.95,100.0,0.0,770000.0,False,False,False,319.51,1
0.0,8,16,2.4,15264.32,41.82,1576.05,45.55,1756.62,0.0003,32.0,269088.0,89.0,1.0,0.99,1.0,5.0,10000000.0,64.0,10000.0,0.0,0.0,0.0,0.0,0.0,0.005,0.2,0.95,3.0,903.872,100.0,0.0,2200000.0,False,False,False,899.361,1
0.0,8,16,1.58,15264.32,41.34,1283.29,44.94,1310.1,0.0003,32.0,78432.0,94.0,1.0,0.99,1.0,5.0,10000000.0,64.0,10000.0,0.0,0.0,0.0,0.0,0.0,0.005,0.2,0.95,3.0,331.881,100.0,0.0,740000.0,False,False,False,298.286,1
0.0,8,16,1.73,15264.32,41.23,1325.06,44.92,1376.36,0.0003,32.0,107712.0,67.0,3.0,0.99,1.0,5.0,10000000.0,64.0,10000.0,0.0,0.0,0.0,0.0,0.0,0.005,0.2,0.95,3.0,346.29,100.0,0.0,770000.0,False,False,False,341.546,1
0.0,8,16,2.38,15264.32,42.11,1262.69,44.94,1287.21,0.0003,32.0,68704.0,81.0,2.0,0.99,1.0,5.0,10000000.0,64.0,10000.0,0.0,0.0,0.0,0.0,0.0,0.005,0.2,0.95,3.0,265.256,100.0,0.0,560000.0,False,False,False,236.707,1
0.0,8,16,1.88,15264.32,40.99,1525.6,45.56,1722.21,0.0003,32.0,247648.0,83.0,2.0,0.99,1.0,5.0,10000000.0,64.0,10000.0,0.0,0.0,0.0,0.0,0.0,0.005,0.2,0.95,3.0,761.711,100.0,0.0,1800000.0,False,False,False,757.081,1
0.0,8,16,1.35,15264.31,40.62,1558.74,44.33,1734.77,0.0003,32.0,254368.0,89.0,3.0,0.99,1.0,5.0,10000000.0,64.0,10000.0,0.0,0.0,0.0,0.0,0.0,0.005,0.2,0.95,3.0,726.253,100.0,0.0,1680000.0,False,False,False,721.434,1
0.0,8,16,1.99,15264.32,41.23,1739.95,44.94,2102.8,0.0003,32.0,420608.0,119.0,3.0,0.99,1.0,5.0,10000000.0,64.0,10000.0,0.0,0.0,0.0,0.0,0.0,0.005,0.2,0.95,3.0,1200.413,100.0,0.0,2560000.0,False,False,False,1167.462,1
0.0,8,16,2.28,15264.32,41.09,1513.92,44.94,1708.7,0.0003,32.0,241664.0,95.0,3.0,0.99,1.0,5.0,10000000.0,64.0,10000.0,0.0,0.0,0.0,0.0,0.0,0.005,0.2,0.95,3.0,675.907,100.0,0.0,1540000.0,False,False,False,671.221,1
0.0,8,16,1.59,15264.32,41.16,1632.25,45.55,1879.79,0.0003,32.0,321056.0,104.0,3.0,0.99,1.0,5.0,10000000.0,64.0,10000.0,0.0,0.0,0.0,0.0,0.0,0.005,0.2,0.95,3.0,920.97,100.0,0.0,2110000.0,False,False,False,916.131,1
0.0,8,16,1.54,15264.32,41.72,1675.63,44.94,1927.1,0.0003,32.0,341024.0,88.0,2.0,0.99,1.0,5.0,10000000.0,64.0,10000.0,0.0,0.0,0.0,0.0,0.0,0.005,0.2,0.95,3.0,1178.057,100.0,0.0,2500000.0,False,False,False,1052.763,1
0.0,8,16,1.46,15264.31,41.12,1748.19,46.19,2104.31,0.0003,32.0,412256.0,70.0,2.0,0.99,1.0,5.0,10000000.0,64.0,10000.0,0.0,0.0,0.0,0.0,0.0,0.005,0.2,0.95,3.0,1281.105,100.0,0.0,2930000.0,False,False,False,1264.433,1
0.0,8,16,1.63,15264.32,41.2,1460.57,45.56,1605.61,0.0003,32.0,202432.0,121.0,1.0,0.99,1.0,5.0,10000000.0,64.0,10000.0,0.0,0.0,0.0,0.0,0.0,0.005,0.2,0.95,3.0,595.601,100.0,0.0,1460000.0,False,False,False,591.062,1
0.0,8,16,1.45,15264.32,41.11,1310.75,44.31,1353.62,0.0003,32.0,98400.0,74.0,1.0,0.99,1.0,5.0,10000000.0,64.0,10000.0,0.0,0.0,0.0,0.0,0.0,0.005,0.2,0.95,3.0,367.285,100.0,0.0,880000.0,False,False,False,346.57,1
0.0,8,16,1.92,15264.32,41.71,1734.09,45.55,2049.28,0.0003,32.0,399488.0,113.0,1.0,0.99,1.0,5.0,10000000.0,64.0,10000.0,0.0,0.0,0.0,0.0,0.0,0.005,0.2,0.95,3.0,1322.037,100.0,0.0,3080000.0,False,False,False,1218.257,1
0.0,8,16,2.32,15264.31,40.89,1201.09,44.32,1207.42,0.0003,32.0,34848.0,127.0,2.0,0.99,1.0,5.0,10000000.0,64.0,10000.0,0.0,0.0,0.0,0.0,0.0,0.005,0.2,0.95,3.0,155.549,100.0,0.0,340000.0,False,False,False,144.265,1
0.0,8,16,1.93,15264.31,41.2,1668.22,44.95,1916.24,0.0003,32.0,337312.0,107.0,1.0,0.99,1.0,5.0,10000000.0,64.0,10000.0,0.0,0.0,0.0,0.0,0.0,0.005,0.2,0.95,3.0,1173.074,98.363,4.332,0.0,False,False,False,-1.0,0
0.0,8,16,1.52,15264.32,41.46,1683.59,46.17,1931.39,0.0003,32.0,345536.0,70.0,2.0,0.99,1.0,5.0,10000000.0,64.0,10000.0,0.0,0.0,0.0,0.0,0.0,0.005,0.2,0.95,3.0,1087.668,100.0,0.0,2470000.0,False,False,False,1046.184,1
0.0,8,16,1.64,15264.32,41.38,1633.39,44.93,1899.01,0.0003,32.0,331840.0,95.0,3.0,0.99,1.0,5.0,10000000.0,64.0,10000.0,0.0,0.0,0.0,0.0,0.0,0.005,0.2,0.95,3.0,911.424,100.0,0.0,2020000.0,False,False,False,906.969,1
0.0,8,16,1.67,15264.32,41.58,1396.63,46.17,1495.5,0.0003,32.0,157792.0,87.0,1.0,0.99,1.0,5.0,10000000.0,64.0,10000.0,0.0,0.0,0.0,0.0,0.0,0.005,0.2,0.95,3.0,528.382,100.0,0.0,1160000.0,False,False,False,467.997,1
0.0,8,16,2.11,15264.31,40.98,1477.49,44.93,1624.41,0.0003,32.0,213632.0,71.0,3.0,0.99,1.0,5.0,10000000.0,64.0,10000.0,0.0,0.0,0.0,0.0,0.0,0.005,0.2,0.95,3.0,686.352,100.0,0.0,1530000.0,False,False,False,681.788,1
0.0,8,16,2.11,15264.31,24.41,1700.91,30.58,2151.11,0.0003,64.0,617600.0,182.0,3.0,0.817805190526165,1.0,5.0,10000000.0,1898.0,50000.0,8289.0,0.0094877854031474,10.0,0.7244913003572728,19.0,0.0,0.0,0.0,0.0,453.274,100.0,0.0,450000.0,True,False,False,410.382,1
0.0,8,16,1.89,15264.31,21.31,2384.71,43.68,2440.11,0.0003,64.0,620928.0,265.0,3.0,0.9337687579413874,1.0,5.0,10000000.0,2026.0,50000.0,8977.0,0.0072153852538583,13.0,0.5863838931885306,5.0,0.0,0.0,0.0,0.0,9429.829,100.0,0.0,7500000.0,True,False,False,7867.676,1
0.0,16,22,1.4,15868.82,14.47,1553.18,30.6,1835.16,0.0003,32.0,348160.0,99.0,1.0,0.99,1.0,5.0,10000000.0,64.0,10000.0,0.0,0.0,0.0,0.0,0.0,0.005,0.2,0.95,3.0,1867.316,100.0,0.0,2470000.0,False,True,False,1860.071,1
0.0,16,22,1.4,15868.82,26.82,1468.42,48.62,1671.72,0.0003,32.0,269280.0,94.0,2.0,0.99,1.0,5.0,10000000.0,64.0,10000.0,0.0,0.0,0.0,0.0,0.0,0.005,0.2,0.95,3.0,1571.337,100.0,0.0,0.0,False,True,False,-1.0,0
0.0,16,22,1.4,15868.82,26.16,1473.46,45.85,1653.96,0.0003,32.0,258496.0,108.0,2.0,0.99,1.0,5.0,10000000.0,64.0,10000.0,0.0,0.0,0.0,0.0,0.0,0.005,0.2,0.95,3.0,1546.141,100.0,0.0,1690000.0,False,True,False,1382.413,1
0.0,16,22,1.4,15868.82,26.88,1117.74,47.41,1141.64,0.0003,32.0,48768.0,104.0,3.0,0.99,1.0,5.0,10000000.0,64.0,10000.0,0.0,0.0,0.0,0.0,0.0,0.005,0.2,0.95,3.0,399.517,100.0,0.0,420000.0,False,True,False,370.023,1
0.0,16,22,1.4,15868.82,26.33,1518.56,54.48,1789.92,0.0003,32.0,322752.0,116.0,2.0,0.99,1.0,5.0,10000000.0,64.0,10000.0,0.0,0.0,0.0,0.0,0.0,0.005,0.2,0.95,3.0,1944.648,100.0,0.0,2340000.0,False,True,False,1936.937,1
0.0,16,22,1.4,15868.82,26.16,1536.39,52.61,1831.36,0.0003,32.0,348576.0,120.0,2.0,0.99,1.0,5.0,10000000.0,64.0,10000.0,0.0,0.0,0.0,0.0,0.0,0.005,0.2,0.95,3.0,1816.05,100.0,0.0,2140000.0,False,True,False,1808.371,1
0.0,16,22,1.4,15868.82,14.75,1644.23,34.41,1962.53,0.0003,32.0,401280.0,90.0,1.0,0.99,1.0,5.0,10000000.0,64.0,10000.0,0.0,0.0,0.0,0.0,0.0,0.005,0.2,0.95,3.0,2701.789,100.0,0.0,3270000.0,False,True,False,2396.917,1
0.0,16,22,1.4,15868.82,15.19,1369.32,34.88,1559.19,0.0003,32.0,216064.0,78.0,1.0,0.99,1.0,5.0,10000000.0,64.0,10000.0,0.0,0.0,0.0,0.0,0.0,0.005,0.2,0.95,3.0,1305.856,100.0,0.0,1700000.0,False,True,False,1206.248,1
0.0,16,22,1.4,15868.82,26.21,1293.27,43.44,1442.46,0.0003,32.0,160640.0,68.0,2.0,0.99,1.0,5.0,10000000.0,64.0,10000.0,0.0,0.0,0.0,0.0,0.0,0.005,0.2,0.95,3.0,862.869,100.0,0.0,1000000.0,False,True,False,816.887,1
0.0,16,22,1.4,15868.82,25.96,1563.04,54.07,1838.25,0.0003,32.0,349280.0,104.0,3.0,0.99,1.0,5.0,10000000.0,64.0,10000.0,0.0,0.0,0.0,0.0,0.0,0.005,0.2,0.95,3.0,2121.838,100.0,0.0,2490000.0,False,True,False,2112.747,1
0.0,16,22,1.4,15868.82,14.37,1189.63,36.17,1276.61,0.0003,32.0,74464.0,85.0,1.0,0.99,1.0,5.0,10000000.0,64.0,10000.0,0.0,0.0,0.0,0.0,0.0,0.005,0.2,0.95,3.0,634.379,100.0,0.0,770000.0,False,True,False,626.962,1
0.0,16,22,1.4,15868.82,25.72,1344.71,46.66,1489.12,0.0003,32.0,190848.0,68.0,2.0,0.99,1.0,5.0,10000000.0,64.0,10000.0,0.0,0.0,0.0,0.0,0.0,0.005,0.2,0.95,3.0,1131.48,100.0,0.0,1390000.0,False,True,False,1103.096,1
0.0,16,22,1.4,15868.82,26.82,1282.66,52.78,1426.38,0.0003,32.0,158432.0,104.0,2.0,0.99,1.0,5.0,10000000.0,64.0,10000.0,0.0,0.0,0.0,0.0,0.0,0.005,0.2,0.95,3.0,1067.226,100.0,0.0,1200000.0,False,True,False,958.787,1
0.0,16,22,1.4,15868.82,15.26,1655.13,34.53,2041.96,0.0003,32.0,436928.0,87.0,1.0,0.99,1.0,5.0,10000000.0,64.0,10000.0,0.0,0.0,0.0,0.0,0.0,0.005,0.2,0.95,3.0,2596.811,100.0,0.0,3530000.0,False,True,False,2589.525,1
0.0,16,22,1.4,15868.82,26.15,1599.26,64.59,1934.59,0.0003,32.0,385152.0,93.0,2.0,0.99,1.0,5.0,10000000.0,64.0,10000.0,0.0,0.0,0.0,0.0,0.0,0.005,0.2,0.95,3.0,1977.665,100.0,0.0,2490000.0,False,True,False,1968.888,1
0.0,16,22,1.4,15868.82,26.15,1357.89,48.7,1557.8,0.0003,32.0,213120.0,67.0,3.0,0.99,1.0,5.0,10000000.0,64.0,10000.0,0.0,0.0,0.0,0.0,0.0,0.005,0.2,0.95,3.0,1139.137,100.0,0.0,1330000.0,False,True,False,1116.442,1
0.0,16,22,1.4,15868.82,25.51,1336.57,47.15,1506.15,0.0003,32.0,199008.0,87.0,3.0,0.99,1.0,5.0,10000000.0,64.0,10000.0,0.0,0.0,0.0,0.0,0.0,0.005,0.2,0.95,3.0,1100.195,100.0,0.0,1340000.0,False,True,False,1092.54,1
0.0,16,22,1.4,15868.82,23.95,1366.35,42.21,1566.93,0.0003,32.0,209984.0,99.0,3.0,0.99,1.0,5.0,10000000.0,64.0,10000.0,0.0,0.0,0.0,0.0,0.0,0.005,0.2,0.95,3.0,1297.624,100.0,0.0,1300000.0,False,True,False,1118.837,1
0.0,16,22,1.4,15868.82,25.38,1357.66,48.08,1525.88,0.0003,32.0,207456.0,99.0,2.0,0.99,1.0,5.0,10000000.0,64.0,10000.0,0.0,0.0,0.0,0.0,0.0,0.005,0.2,0.95,3.0,1117.249,100.0,0.0,1330000.0,False,True,False,1075.338,1
0.0,16,22,1.4,15868.82,27.11,1629.48,54.72,1995.83,0.0003,32.0,429728.0,118.0,2.0,0.99,1.0,5.0,10000000.0,64.0,10000.0,0.0,0.0,0.0,0.0,0.0,0.005,0.2,0.95,3.0,2548.444,100.0,0.0,3040000.0,False,True,False,2541.116,1
0.0,16,22,1.4,15868.82,15.65,1267.83,45.86,1386.05,0.0003,32.0,129248.0,105.0,1.0,0.99,1.0,5.0,10000000.0,64.0,10000.0,0.0,0.0,0.0,0.0,0.0,0.005,0.2,0.95,3.0,735.944,100.0,0.0,990000.0,False,True,False,728.026,1
0.0,16,22,1.4,15868.82,26.71,1556.64,58.64,1870.5,0.0003,32.0,356768.0,90.0,3.0,0.99,1.0,5.0,10000000.0,64.0,10000.0,0.0,0.0,0.0,0.0,0.0,0.005,0.2,0.95,3.0,1897.745,100.0,0.0,2170000.0,False,True,False,1859.431,1
0.0,16,22,1.4,15868.82,26.15,1271.35,43.53,1385.67,0.0003,32.0,142976.0,79.0,2.0,0.99,1.0,5.0,10000000.0,64.0,10000.0,0.0,0.0,0.0,0.0,0.0,0.005,0.2,0.95,3.0,850.895,100.0,0.0,1030000.0,False,True,False,843.599,1
0.0,16,22,1.4,15868.82,27.16,1370.22,51.45,1577.72,0.0003,32.0,226368.0,93.0,2.0,0.99,1.0,5.0,10000000.0,64.0,10000.0,0.0,0.0,0.0,0.0,0.0,0.005,0.2,0.95,3.0,1177.462,100.0,0.0,1510000.0,False,True,False,1173.368,1
0.0,16,22,1.4,15868.82,26.26,1295.17,47.78,1434.68,0.0003,32.0,163008.0,113.0,3.0,0.99,1.0,5.0,10000000.0,64.0,10000.0,0.0,0.0,0.0,0.0,0.0,0.005,0.2,0.95,3.0,1043.279,100.0,0.0,1130000.0,False,True,False,919.833,1
0.0,16,22,1.4,15868.82,14.69,1556.79,36.05,1816.88,0.0003,32.0,337248.0,76.0,1.0,0.99,1.0,5.0,10000000.0,64.0,10000.0,0.0,0.0,0.0,0.0,0.0,0.005,0.2,0.95,3.0,1801.339,100.0,0.0,2390000.0,False,True,False,1766.194,1
0.0,16,22,1.4,15868.82,26.47,1192.35,41.51,1291.47,0.0003,32.0,91936.0,70.0,2.0,0.99,1.0,5.0,10000000.0,64.0,10000.0,0.0,0.0,0.0,0.0,0.0,0.005,0.2,0.95,3.0,557.828,100.0,0.0,670000.0,False,True,False,549.547,1
0.0,16,22,1.4,15868.82,14.18,1467.57,29.95,1667.5,0.0003,32.0,269088.0,89.0,1.0,0.99,1.0,5.0,10000000.0,64.0,10000.0,0.0,0.0,0.0,0.0,0.0,0.005,0.2,0.95,3.0,1618.778,100.0,0.0,2200000.0,False,True,False,1611.399,1
0.0,16,22,1.4,15868.82,14.72,1188.95,26.06,1278.32,0.0003,32.0,78432.0,94.0,1.0,0.99,1.0,5.0,10000000.0,64.0,10000.0,0.0,0.0,0.0,0.0,0.0,0.005,0.2,0.95,3.0,574.907,100.0,0.0,760000.0,False,True,False,567.402,1
0.0,16,22,1.4,15868.82,26.84,1220.5,41.04,1332.5,0.0003,32.0,107712.0,67.0,3.0,0.99,1.0,5.0,10000000.0,64.0,10000.0,0.0,0.0,0.0,0.0,0.0,0.005,0.2,0.95,3.0,680.462,100.0,0.0,780000.0,False,True,False,672.925,1
0.0,16,22,1.4,15868.82,27.88,1157.65,50.82,1235.54,0.0003,32.0,68704.0,81.0,2.0,0.99,1.0,5.0,10000000.0,64.0,10000.0,0.0,0.0,0.0,0.0,0.0,0.005,0.2,0.95,3.0,432.692,100.0,0.0,520000.0,False,True,False,425.445,1
0.0,16,22,1.4,15868.82,26.56,1408.44,52.77,1630.22,0.0003,32.0,247648.0,83.0,2.0,0.99,1.0,5.0,10000000.0,64.0,10000.0,0.0,0.0,0.0,0.0,0.0,0.005,0.2,0.95,3.0,1419.757,100.0,0.0,1790000.0,False,True,False,1412.091,1
0.0,16,22,1.4,15868.82,26.01,1461.64,46.67,1650.71,0.0003,32.0,254368.0,89.0,3.0,0.99,1.0,5.0,10000000.0,64.0,10000.0,0.0,0.0,0.0,0.0,0.0,0.005,0.2,0.95,3.0,1564.783,100.0,0.0,1770000.0,False,True,False,1426.359,1
0.0,16,22,1.4,15868.82,15.15,1585.78,44.92,1859.27,0.0003,32.0,359552.0,112.0,1.0,0.99,1.0,5.0,10000000.0,64.0,10000.0,0.0,0.0,0.0,0.0,0.0,0.005,0.2,0.95,3.0,2167.745,100.0,0.0,2670000.0,False,True,False,1958.344,1
0.0,16,22,1.4,15868.82,26.29,1633.18,46.9,1992.86,0.0003,32.0,420608.0,119.0,3.0,0.99,1.0,5.0,10000000.0,64.0,10000.0,0.0,0.0,0.0,0.0,0.0,0.005,0.2,0.95,3.0,2653.116,100.0,0.0,2980000.0,False,True,False,2645.367,1
0.0,16,22,1.4,15868.82,26.13,1393.17,54.72,1617.11,0.0003,32.0,241664.0,95.0,3.0,0.99,1.0,5.0,10000000.0,64.0,10000.0,0.0,0.0,0.0,0.0,0.0,0.005,0.2,0.95,3.0,1500.084,100.0,0.0,1520000.0,False,True,False,1303.429,1
0.0,16,22,1.4,15868.82,25.83,1400.34,54.07,1613.02,0.0003,32.0,244544.0,71.0,3.0,0.99,1.0,5.0,10000000.0,64.0,10000.0,0.0,0.0,0.0,0.0,0.0,0.005,0.2,0.95,3.0,1543.913,100.0,0.0,1500000.0,False,True,False,1319.658,1
0.0,16,22,1.4,15868.82,25.55,1505.11,46.66,1773.07,0.0003,32.0,321056.0,104.0,3.0,0.99,1.0,5.0,10000000.0,64.0,10000.0,0.0,0.0,0.0,0.0,0.0,0.005,0.2,0.95,3.0,1739.157,100.0,0.0,2060000.0,False,True,False,1731.208,1
0.0,16,22,1.4,15868.82,26.41,1493.7,48.71,1830.73,0.0003,32.0,341024.0,88.0,2.0,0.99,1.0,5.0,10000000.0,64.0,10000.0,0.0,0.0,0.0,0.0,0.0,0.005,0.2,0.95,3.0,1773.752,100.0,0.0,2290000.0,False,True,False,1769.649,1
0.0,16,22,1.4,15868.82,26.77,1616.67,51.47,1981.79,0.0003,32.0,412256.0,70.0,2.0,0.99,1.0,5.0,10000000.0,64.0,10000.0,0.0,0.0,0.0,0.0,0.0,0.005,0.2,0.95,3.0,2439.6,100.0,0.0,2960000.0,False,True,False,2431.393,1
0.0,16,22,1.4,15868.82,14.92,1367.66,34.93,1538.18,0.0003,32.0,202432.0,121.0,1.0,0.99,1.0,5.0,10000000.0,64.0,10000.0,0.0,0.0,0.0,0.0,0.0,0.005,0.2,0.95,3.0,1106.603,100.0,0.0,0.0,False,True,False,-1.0,0
0.0,16,22,1.4,15868.82,26.18,1338.8,54.73,1498.46,0.0003,32.0,185312.0,115.0,2.0,0.99,1.0,5.0,10000000.0,64.0,10000.0,0.0,0.0,0.0,0.0,0.0,0.005,0.2,0.95,3.0,1126.788,100.0,0.0,1160000.0,False,True,False,977.662,1
0.0,16,22,1.4,15868.82,14.43,1394.32,41.01,1613.75,0.0003,32.0,247424.0,110.0,1.0,0.99,1.0,5.0,10000000.0,64.0,10000.0,0.0,0.0,0.0,0.0,0.0,0.005,0.2,0.95,3.0,1371.496,98.417,5.251,1790000.0,False,True,False,1364.238,1
0.0,16,22,1.4,15868.82,26.01,1613.6,50.14,1986.87,0.0003,32.0,410464.0,69.0,2.0,0.99,1.0,5.0,10000000.0,64.0,10000.0,0.0,0.0,0.0,0.0,0.0,0.005,0.2,0.95,3.0,2454.027,100.0,0.0,2910000.0,False,True,False,2442.356,1
0.0,16,22,1.4,15868.82,25.82,1171.39,46.89,1234.16,0.0003,32.0,61344.0,70.0,2.0,0.99,1.0,5.0,10000000.0,64.0,10000.0,0.0,0.0,0.0,0.0,0.0,0.005,0.2,0.95,3.0,865.434,100.0,0.0,510000.0,False,True,False,428.262,1
0.0,16,22,1.4,15868.82,14.74,1203.8,33.2,1304.88,0.0003,32.0,98400.0,74.0,1.0,0.99,1.0,5.0,10000000.0,64.0,10000.0,0.0,0.0,0.0,0.0,0.0,0.005,0.2,0.95,3.0,629.632,100.0,0.0,810000.0,False,True,False,622.267,1
0.0,16,22,1.4,15868.82,25.44,1453.91,47.15,1687.65,0.0003,32.0,278752.0,66.0,3.0,0.99,1.0,5.0,10000000.0,64.0,10000.0,0.0,0.0,0.0,0.0,0.0,0.005,0.2,0.95,3.0,1452.075,100.0,0.0,1720000.0,False,True,False,1448.364,1
0.0,16,22,1.4,15868.82,14.71,1614.43,39.06,1949.21,0.0003,32.0,399488.0,113.0,1.0,0.99,1.0,5.0,10000000.0,64.0,10000.0,0.0,0.0,0.0,0.0,0.0,0.005,0.2,0.95,3.0,2553.265,100.0,0.0,3260000.0,False,True,False,2456.093,1
0.0,16,22,1.4,15868.82,26.42,1523.58,50.52,1983.4,0.0003,32.0,417088.0,95.0,2.0,0.99,1.0,5.0,10000000.0,64.0,10000.0,0.0,0.0,0.0,0.0,0.0,0.005,0.2,0.95,3.0,2511.656,100.0,0.0,3020000.0,False,True,False,2250.476,1
0.0,16,22,1.4,15868.82,26.51,1104.73,41.68,1118.43,0.0003,32.0,34848.0,127.0,2.0,0.99,1.0,5.0,10000000.0,64.0,10000.0,0.0,0.0,0.0,0.0,0.0,0.005,0.2,0.95,3.0,310.33,100.0,0.0,370000.0,False,True,False,310.33,1
0.0,16,22,1.4,15868.82,14.62,1566.62,37.85,1818.98,0.0003,32.0,337312.0,107.0,1.0,0.99,1.0,5.0,10000000.0,64.0,10000.0,0.0,0.0,0.0,0.0,0.0,0.005,0.2,0.95,3.0,1884.601,100.0,0.0,2730000.0,False,True,False,1881.307,1
0.0,16,22,1.4,15868.82,26.9,1561.13,43.63,1828.9,0.0003,32.0,345536.0,70.0,2.0,0.99,1.0,5.0,10000000.0,64.0,10000.0,0.0,0.0,0.0,0.0,0.0,0.005,0.2,0.95,3.0,1801.045,100.0,0.0,2160000.0,False,True,False,1556.547,1
0.0,16,22,1.4,15868.82,26.15,1496.8,51.02,1795.15,0.0003,32.0,331840.0,95.0,3.0,0.99,1.0,5.0,10000000.0,64.0,10000.0,0.0,0.0,0.0,0.0,0.0,0.005,0.2,0.95,3.0,1601.606,100.0,0.0,2080000.0,False,True,False,1594.373,1
0.0,16,22,1.4,15868.82,26.72,1340.61,46.1,1498.94,0.0003,32.0,187936.0,76.0,3.0,0.99,1.0,5.0,10000000.0,64.0,10000.0,0.0,0.0,0.0,0.0,0.0,0.005,0.2,0.95,3.0,1069.317,100.0,0.0,1240000.0,False,True,False,961.52,1
0.0,16,22,1.4,15868.82,26.56,1190.29,52.76,1284.57,0.0003,32.0,86016.0,98.0,3.0,0.99,1.0,5.0,10000000.0,64.0,10000.0,0.0,0.0,0.0,0.0,0.0,0.005,0.2,0.95,3.0,576.041,100.0,0.0,620000.0,False,True,False,517.243,1
0.0,16,22,1.4,15868.82,15.6,1293.24,48.2,1440.86,0.0003,32.0,157792.0,87.0,1.0,0.99,1.0,5.0,10000000.0,64.0,10000.0,0.0,0.0,0.0,0.0,0.0,0.005,0.2,0.95,3.0,901.81,100.0,0.0,1290000.0,False,True,False,894.983,1
0.0,16,22,1.4,15868.82,26.24,1360.83,42.18,1560.45,0.0003,32.0,213632.0,71.0,3.0,0.99,1.0,5.0,10000000.0,64.0,10000.0,0.0,0.0,0.0,0.0,0.0,0.005,0.2,0.95,3.0,1229.727,100.0,0.0,1560000.0,False,True,False,1222.579,1
0.0,16,22,1.4,15868.82,17.1,1584.55,20.02,2045.88,0.0003,64.0,617600.0,182.0,3.0,0.817805190526165,1.0,5.0,10000000.0,1898.0,50000.0,8289.0,0.0094877854031474,10.0,0.7244913003572728,19.0,0.0,0.0,0.0,0.0,813.909,100.0,0.0,400000.0,True,True,False,649.603,1
0.0,16,22,1.4,15868.82,17.1,2302.42,21.31,2361.51,0.0003,64.0,620928.0,265.0,3.0,0.9337687579413874,1.0,5.0,10000000.0,2026.0,50000.0,8977.0,0.0072153852538583,13.0,0.5863838931885306,5.0,0.0,0.0,0.0,0.0,15565.933,100.0,0.0,300000.0,True,True,False,542.857,1
0.0,16,22,1.4,15868.82,18.11,1536.2,18.25,1926.44,0.0003,64.0,790912.0,76.0,2.0,0.9688839988600874,1.0,5.0,10000000.0,1697.0,50000.0,1913.0,0.0089954271232814,1.0,0.9895253646800612,16.0,0.0,0.0,0.0,0.0,3628.749,100.0,0.0,350000.0,True,True,False,2821.075,1
