enviroment,algorithm,learning_rate,batch_size,hidden_units,num_layers,steps,max_steps,ram_gb,cpu_cores,time_horizon,buffer_size,beta,epsilon,lambd,num_epoch,tau,reward_signal_steps_per_update,init_entcoef,num_parallel_agents,training_duration_seconds,peak_ram_mb,gamma,strength,summary_freq,os,timestamp,gpu_available,gpu_name,gpu_memory_gb,final_mean_entropy,final_sum_entropy,final_mean_reward,final_sum_reward,final_cumulative_mean_reward,final_cumulative_sum_reward,final_mean_extrinsic_value_estimate,final_sum_extrinsic_value_estimate,final_mean_policy_loss,final_sum_policy_loss,final_mean_value_loss,final_sum_value_loss,final_mean_q1_loss,final_sum_q1_loss,final_mean_q2_loss,final_sum_q2_loss,final_mean_cont_entropy_coeff,final_sum_cont_entropy_coeff,final_learning_rate_mean,final_learning_rate_sum
3DBall,ppo,0.0005958284774414,64,834,1,234987,234663,63.77914810180664,28,512,2048,0.0050518653240209,0.128220710956919,0.9861542618922006,6,0.0,0.0,0.0,1,162.0844949,1125.40234375,0.8511143086634191,1.0,10000,Windows,2026-01-04T11:20:49.868352,True,NVIDIA GeForce RTX 4070 Ti,11.99365234375,1.3868662118911743,14928.228515625,55.94737696020227,1063.000162243843,55.94737696020227,1063.000162243843,0.6039251685142517,16.305978775024414,0.0991845563186239,0.3967382252744956,0.0011419494582372,0.0045677978329489,0,0,0,0,0,0,0.0005958284774414,0.0023833139097659
3DBall,ppo,0.0009976082643686,128,638,4,226412,226307,63.77914810180664,28,256,4096,0.0092322232310107,0.2460162797753294,0.9011067263891884,4,0.0,0.0,0.0,1,102.94484169999998,1142.6484375,0.8024644306789256,1.0,10000,Windows,2026-01-04T11:22:36.590392,True,NVIDIA GeForce RTX 4070 Ti,11.99365234375,1.4349933862686155,14705.8125,16.59677693920751,514.5000851154327,16.59677693920751,514.5000851154327,0.4083322584629059,22.4582748413086,0.0711283308810379,0.1422566617620759,0.0005356995403857,0.0010713990807715,0,0,0,0,0,0,0.0009976082643686,0.0019952165287373
3DBall,ppo,0.0001839571439041,512,230,1,473802,473753,63.77914810180664,28,64,8192,0.0085681482446327,0.1944117593165068,0.9779781419268856,3,0.0,0.0,0.0,1,148.62920899999995,1111.84375,0.9179123859592776,1.0,10000,Windows,2026-01-04T11:25:08.884344,True,NVIDIA GeForce RTX 4070 Ti,11.99365234375,1.377049446105957,14078.953125,100.00000858306883,1400.000120162964,100.00000858306883,1400.000120162964,1.217959761619568,197.3094787597656,0.0343091390071398,0.0686182780142796,0.0003730231657452,0.0007460463314904,0,0,0,0,0,0,0.0001839571439041,0.0003679142878082
3DBall,ppo,0.0003885255540328,512,586,2,354573,354445,63.77914810180664,28,256,2048,0.00730628851349,0.1302087858915223,0.9023253767835194,8,0.0,0.0,0.0,1,144.52369279999994,1130.43359375,0.8440881036188609,1.0,10000,Windows,2026-01-04T11:27:37.166549,True,NVIDIA GeForce RTX 4070 Ti,11.99365234375,1.392734169960022,14339.5908203125,52.84063399210572,1690.9002877473831,52.84063399210572,1690.9002877473831,0.5640750527381897,29.895977020263672,0.0322290203112061,0.1289160812448244,0.0006971818974648,0.0027887275898592,0,0,0,0,0,0,0.0003885255540328,0.0015541022161313
3DBall,ppo,0.0002399661984941,512,108,3,235470,235396,63.77914810180664,28,256,8192,0.0011488661131209,0.1390780951491194,0.9514947830552092,6,0.0,0.0,0.0,1,96.6625725,1124.12109375,0.8432822050824856,1.0,10000,Windows,2026-01-04T11:29:17.535205,True,NVIDIA GeForce RTX 4070 Ti,11.99365234375,1.2634780406951904,12735.8583984375,54.30400922298431,1357.6002305746078,54.30400922298431,1357.6002305746078,0.5663050413131714,28.88155746459961,0.0337421747099142,0.0337421747099142,0.0003366515247762,0.0003366515247762,0,0,0,0,0,0,0.0002399661984941,0.0002399661984941
3DBall,ppo,0.0001776930671042,1024,637,1,311097,311061,63.77914810180664,28,64,4096,0.0089599469068456,0.1071196275909996,0.9420313667823372,10,0.0,0.0,0.0,1,143.81634980000013,1113.31640625,0.8773707791037799,1.0,10000,Windows,2026-01-04T11:31:45.104881,True,NVIDIA GeForce RTX 4070 Ti,11.99365234375,1.2881414890289309,12984.466796875,100.00000858306883,200.0000171661377,100.00000858306883,200.0000171661377,0.8154876232147217,128.03155517578125,0.0223658647038973,0.0447317294077947,1.988373068115834e-05,3.976746136231668e-05,0,0,0,0,0,0,0.0001776930671042,0.0003553861342085
3DBall,ppo,0.0007282115008215,256,756,5,518113,518071,63.77914810180664,28,256,10240,0.0068016835634951,0.1046035128969011,0.9146566643820064,6,0.0,0.0,0.0,1,291.8149738,1169.6953125,0.9900152977874448,1.0,10000,Windows,2026-01-04T11:36:40.689111,True,NVIDIA GeForce RTX 4070 Ti,11.99365234375,3.243278741836548,32458.734375,0.3032303824183646,215.9000322818756,0.3032303824183646,215.9000322818756,-0.303919643163681,-216.39077758789065,0.2582879953707258,0.2582879953707258,0.0025120476964123,0.0025120476964123,0,0,0,0,0,0,0.0007282115008215,0.0007282115008215
3DBall,ppo,0.0005496869307219,2048,720,3,555458,554945,63.77914810180664,28,1024,2048,0.0089455293410031,0.1777223520248064,0.9041017607508808,6,0.0,0.0,0.0,1,208.1075779,1188.80078125,0.9837628488646546,1.0,10000,Windows,2026-01-04T11:40:12.563834,True,NVIDIA GeForce RTX 4070 Ti,11.99365234375,1.3025975227355957,12020.3701171875,94.58001480102538,945.800148010254,94.58001480102538,945.800148010254,6.041390419006348,60.41390228271485,0.0104610450507607,0.0418441802030429,0.0285553936458503,0.1142215745834012,0,0,0,0,0,0,0.0005496869307219,0.0021987477228877
3DBall,ppo,0.0001383225450021,64,918,5,238187,237969,63.77914810180664,28,1024,2048,0.0037210954750446,0.2230754233043275,0.9034701066730628,6,0.0,0.0,0.0,1,223.3281663,1216.671875,0.9340443298809756,1.0,10000,Windows,2026-01-04T11:43:59.734466,True,NVIDIA GeForce RTX 4070 Ti,11.99365234375,1.3253486156463623,1224.6220703125,47.64500706195831,952.9001412391664,47.64500706195831,952.9001412391664,1.2120907306671145,24.24181365966797,0.0795989229648985,0.3183956918595941,0.0027960560470921,0.0111842241883685,0,0,0,0,0,0,0.0001383225450021,0.0005532901800084
3DBall,ppo,0.0001250438479791,256,388,1,406598,406577,63.77914810180664,28,64,4096,0.0097752871598957,0.1266789093635902,0.9509129508395044,9,0.0,0.0,0.0,1,211.9597111999999,1100.28515625,0.8116056422123041,1.0,10000,Windows,2026-01-04T11:47:35.428410,True,NVIDIA GeForce RTX 4070 Ti,11.99365234375,1.3201467990875244,13354.6044921875,31.576193146762392,663.1000560820103,31.576193146762392,663.1000560820103,0.482186496257782,81.00733184814453,0.0462355969696848,0.0924711939393697,0.0005760994610379,0.0011521989220758,0,0,0,0,0,0,0.0001250438479791,0.0002500876959582
Basic,ppo,0.0001178406598377,256,567,3,267461,267457,63.77914810180664,28,64,4096,0.001554243045659,0.2279302846330465,0.9730498273558792,7,0.0,0.0,0.0,1,819.9950352000001,1303.88671875,0.9761528018653756,1.0,10000,Windows,2026-01-04T12:03:21.482257,True,NVIDIA GeForce RTX 4070 Ti,11.99365234375,3.270421439083293e-05,0.3270748555660248,0.9300000071525574,1328.9700102210045,0.9300000071525574,1328.9700102210045,0.8930918574333191,1276.228271484375,0.0501805462394951,0.1505416387184855,1.066330606514483e-05,3.198991819543449e-05,0,0,0,0,0,0,0.0001178406598377,0.0003535219795133
Basic,ppo,0.0001034830767511,256,629,1,419732,419727,63.77914810180664,28,1024,8192,0.0019270924361125,0.112095371603611,0.9881418771379205,3,0.0,0.0,0.0,1,1020.5857224,1290.1796875,0.8125568800491522,1.0,10000,Windows,2026-01-04T12:20:25.844181,True,NVIDIA GeForce RTX 4070 Ti,11.99365234375,0.0004910435527563,4.903560638427734,0.9300000071525574,1328.040010213852,0.9300000071525574,1328.040010213852,0.555856466293335,793.7630615234375,0.0496172005465875,0.099234401093175,4.3690063322085006e-14,8.738012664417001e-14,0,0,0,0,0,0,0.0001034830767511,0.0002069661535023
Basic,ppo,0.0003296121354814,128,681,3,400798,400744,63.77914810180664,28,128,8192,0.0095140564094419,0.2010506376912385,0.9207015504899227,10,0.0,0.0,0.0,1,1131.7635425999997,1342.18359375,0.9982008066127775,1.0,10000,Windows,2026-01-04T12:39:21.856886,True,NVIDIA GeForce RTX 4070 Ti,11.99365234375,-1.1920927533992653e-07,-0.0011831520823761,0.9238032903827604,281.76000356674194,0.9238032903827604,281.76000356674194,-1.7251209020614624,-134.55943298339844,0.067522556808992,0.067522556808992,0.0003037795066036,0.0003037795066036,0,0,0,0,0,0,0.0003296121354814,0.0003296121354814
Basic,ppo,0.0003449404793665,2048,112,5,440177,440175,63.77914810180664,28,1024,4096,0.0076248043482723,0.2670241529215348,0.9134598374232592,4,0.0,0.0,0.0,1,1054.3827886,1322.515625,0.9339206058194968,1.0,10000,Windows,2026-01-04T12:57:00.276114,True,NVIDIA GeForce RTX 4070 Ti,11.99365234375,2.3716629584669136e-06,0.0237071439623832,0.9300000071525574,1328.040010213852,0.9300000071525574,1328.040010213852,0.7870795130729675,1123.9495849609375,0.0069170005735941,0.0207510017207823,5.436189692842319e-16,1.6308569078526958e-15,0,0,0,0,0,0,0.0003449404793665,0.0010348214380996
Basic,ppo,0.0007506565752338,2048,488,2,226293,226290,63.77914810180664,28,64,10240,0.006385230122018,0.1567183927970244,0.9534798730063696,7,0.0,0.0,0.0,1,510.7068833000003,1342.93359375,0.8002753224961763,1.0,10000,Windows,2026-01-04T13:05:34.935337,True,NVIDIA GeForce RTX 4070 Ti,11.99365234375,0.0001174138888018,1.174373745918274,0.9300000071525574,1328.040010213852,0.9300000071525574,1328.040010213852,0.5374717712402344,767.5097045898438,0.0121054918106113,0.0121054918106113,1.4979461123879442e-15,1.4979461123879442e-15,0,0,0,0,0,0,0.0007506565752338,0.0007506565752338
Basic,ppo,0.0002078000776777,128,481,3,59614,568768,63.77914810180664,28,256,4096,0.0082267381200643,0.1064698527432606,0.9899681588940032,10,0.0,0.0,0.0,1,146.48739449999994,1328.25390625,0.8155079133413644,1.0,10000,Windows,2026-01-04T13:08:05.158839,True,NVIDIA GeForce RTX 4070 Ti,11.99365234375,0.3378512859344482,3376.823486328125,0.7056533259584844,1074.7100154347718,0.7056533259584844,1074.7100154347718,0.398705244064331,607.2280883789062,0.0820764652351499,0.2462293957054498,0.0032528233478842,0.0097584700436527,0,0,0,0,0,0,0.0002078000776777,0.0006234002330332
GridWorld,ppo,0.0002441128493857,1024,752,4,259486,259486,63.77914810180664,28,64,2048,0.0079771491129593,0.1714112232082841,0.9894413849863066,4,0.0,0.0,0.0,1,113.88915159999942,19365.1796875,0.8866135684226832,1.0,10000,Windows,2026-01-04T13:11:47.074803,True,NVIDIA GeForce RTX 4070 Ti,11.99365234375,0.0,0.0,0.0,0.0,0.0,0.0,0.0,0.0,0.0,0.0,0.0,0.0,0,0,0,0,0,0,0.0,0.0
3DBall,ppo,0.0009976082643686,128,638,4,135837,226307,63.77914810180664,28,256,4096,0.0092322232310107,0.2460162797753294,0.9011067263891884,4,0.0,0.0,0.0,1,67.04658289999952,1180.33203125,0.8024644306789256,1.0,10000,Windows,2026-01-04T13:13:22.322192,True,NVIDIA GeForce RTX 4070 Ti,11.99365234375,1.5133155584335327,4412.828125,14.29243915672062,1700.8002596497536,14.29243915672062,1700.8002596497536,0.2978482246398926,36.63533020019531,0.1022563386906051,0.2045126773812102,0.0022936540110043,0.0045873080220086,0,0,0,0,0,0,0.0009976082643686,0.0019952165287373
Pyramids,ppo,0.0006039882887245,128,95,2,282880,264813,63.77914810180664,28,256,10240,0.0090810001509883,0.1618494794500635,0.941224847436038,7,0.0,0.0,0.0,1,259.2145004000004,1511.48828125,0.9156421165009296,1.0,10000,Windows,2026-01-04T13:18:10.763630,True,NVIDIA GeForce RTX 4070 Ti,11.99365234375,1.458849310874939,70538.28125,-1.0000000596046448,-16.000000953674316,-1.0000000596046448,-16.000000953674316,-0.0088589740917086,-0.3454999923706054,0.073956323585229,0.073956323585229,0.2084637165646113,0.2084637165646113,0,0,0,0,0,0,0.0006039882887245,0.0006039882887245
Pyramids,ppo,0.0004514408448066,1024,286,1,221469,212440,63.77914810180664,28,128,10240,0.0056531335574284,0.116767068747955,0.917832848562676,9,0.0,0.0,0.0,1,139.41944610000064,1409.56640625,0.8092992312638685,1.0,10000,Windows,2026-01-04T13:20:34.048363,True,NVIDIA GeForce RTX 4070 Ti,11.99365234375,1.2141611576080322,3632.77001953125,-1.0000000521540642,-12.00000062584877,-1.0000000521540642,-12.00000062584877,-0.0070405742153525,-0.563245952129364,0.0304272663391505,0.0304272663391505,0.1508888035874676,0.1508888035874676,0,0,0,0,0,0,0.0004514408448066,0.0004514408448066
Pyramids,ppo,0.0001235580472184,64,531,3,101504,239055,63.77914810180664,28,64,8192,0.0063743869116996,0.2923903621802357,0.967616620333182,5,0.0,0.0,0.0,1,122.8073298999998,1382.55859375,0.8578361363861258,1.0,10000,Windows,2026-01-04T13:22:40.746261,True,NVIDIA GeForce RTX 4070 Ti,11.99365234375,1.1892404556274414,15222.27734375,0.0,0.0,0.0,0.0,-0.0121218608692288,-1.891010284423828,0.1073052855462513,0.1073052855462513,0.8880866828628562,0.8880866828628562,0,0,0,0,0,0,0.0001235580472184,0.0001235580472184
Hallway,ppo,0.000322226176714,64,864,5,28672,427539,63.77914810180664,28,64,4096,0.0054634413771151,0.1286079328583728,0.910152115585822,7,0.0,0.0,0.0,1,32.28477220000059,1449.26953125,0.9408155643182624,1.0,10000,Windows,2026-01-04T13:25:06.752188,True,NVIDIA GeForce RTX 4070 Ti,11.99365234375,1.6063493490219116,22334.681640625,0.0,0.0,0.0,0.0,-0.0219477079808712,-3.423842430114746,0.3203185609375525,0.3203185609375525,0.0001004997194326,0.0001004997194326,0,0,0,0,0,0,0.000322226176714,0.000322226176714
Hallway,ppo,0.000322226176714,64,864,5,40576,427539,63.77914810180664,28,64,4096,0.0054634413771151,0.1286079328583728,0.910152115585822,7,0.0,0.0,0.0,1,49.70822109999972,1460.40625,0.9408155643182624,1.0,10000,Windows,2026-01-04T14:25:52.910025,True,NVIDIA GeForce RTX 4070 Ti,11.99365234375,1.5955442190170288,15674.6259765625,0.0,0.0,0.0,0.0,-0.0758584812283515,-11.83392333984375,0.3877728388915599,0.3877728388915599,1.803340602818053e-05,1.803340602818053e-05,0,0,0,0,0,0,0.000322226176714,0.000322226176714
Hallway,ppo,0.000332501150431,512,847,5,589001,585738,63.77914810180664,28,256,4096,0.0059828858699105,0.1720293521203308,0.90251996356884,7,0.0,0.0,0.0,1,216.4280614,1607.875,0.8948595472348593,1.0,10000,Windows,2026-01-04T14:30:24.379028,True,NVIDIA GeForce RTX 4070 Ti,11.99365234375,1.5940556526184082,382.5733642578125,-0.947166753311952,-11.366001039743423,-0.947166753311952,-11.366001039743423,-0.0189647227525711,-0.7396242022514343,0.0614933026578531,0.0614933026578531,1.0161733789278381e-07,1.0161733789278381e-07,0,0,0,0,0,0,0.000332501150431,0.000332501150431
Hallway,ppo,0.0001725863620732,512,726,2,848565,842385,63.77914810180664,28,512,4096,0.0091010850273742,0.2753230198822016,0.9338765855188949,8,0.0,0.0,0.0,1,304.6377601999993,1777.53515625,0.93771113906073,1.0,10000,Windows,2026-01-04T14:35:32.911114,True,NVIDIA GeForce RTX 4070 Ti,11.99365234375,1.5314223766326904,367.5413818359375,-1.0000001192092896,-20.00000238418579,-1.0000001192092896,-20.00000238418579,-0.0296033266931772,-0.5920665264129639,0.1458877539262175,0.1458877539262175,3.736913562590871e-06,3.736913562590871e-06,0,0,0,0,0,0,0.0001725863620732,0.0001725863620732
Hallway,ppo,0.0007815537921748,512,671,1,626155,625174,63.77914810180664,28,128,8192,0.0049041492671678,0.2436458453375725,0.941081921173906,5,0.0,0.0,0.0,1,189.1635009999991,1484.5078125,0.8392849116141582,1.0,10000,Windows,2026-01-04T14:38:45.985301,True,NVIDIA GeForce RTX 4070 Ti,11.99365234375,1.4586879014968872,2450.595703125,-0.8664095895630973,-30.324335634708405,-0.8664095895630973,-30.324335634708405,-0.0107393292710185,-0.83766770362854,0.1159645617336911,0.1159645617336911,2.2083969537668643e-05,2.2083969537668643e-05,0,0,0,0,0,0,0.0007815537921748,0.0007815537921748
Hallway,ppo,0.0001776640589366,128,249,3,618162,599753,63.77914810180664,28,512,4096,0.0042990734829698,0.1888235522044426,0.989040586159666,5,0.0,0.0,0.0,1,300.1678133000005,1750.69140625,0.9559582572738156,1.0,10000,Windows,2026-01-04T14:43:50.023300,True,NVIDIA GeForce RTX 4070 Ti,11.99365234375,1.5762027502059937,353.0694274902344,-1.0000001192092896,-20.00000238418579,-1.0000001192092896,-20.00000238418579,-0.0447095744311809,-0.8941915035247803,0.1478009368802304,0.1478009368802304,2.653228294491328e-06,2.653228294491328e-06,0,0,0,0,0,0,0.0001776640589366,0.0001776640589366
Hallway,ppo,0.0003409810092119,256,969,1,700263,700238,63.77914810180664,28,128,4096,0.0083153747489088,0.1465294380118125,0.947867435414822,6,0.0,0.0,0.0,1,261.351326,1472.41796875,0.9780221906793988,1.0,10000,Windows,2026-01-04T14:48:15.274034,True,NVIDIA GeForce RTX 4070 Ti,11.99365234375,1.0066102743148804,10517.064453125,0.3792984246895575,72.44599911570549,0.3792984246895575,72.44599911570549,0.2410565316677093,46.04179763793945,0.3776266861572295,1.5105067446289182,0.0328655339373439,0.1314621357493759,0,0,0,0,0,0,0.0003409810092119,0.0013639240368477
Hallway,ppo,0.0001797562911073,256,90,4,728557,721514,63.77914810180664,28,1024,2048,0.0084742873907097,0.1476069281531076,0.9656003779960122,5,0.0,0.0,0.0,1,263.56396010000026,1774.76171875,0.878624375491756,1.0,10000,Windows,2026-01-04T14:52:42.722180,True,NVIDIA GeForce RTX 4070 Ti,11.99365234375,1.6004648208618164,717.0082397460938,-1.0000001192092896,-20.00000238418579,-1.0000001192092896,-20.00000238418579,-0.016337513923645,-0.3267502784729004,0.1964246329665184,0.1964246329665184,3.9808817594651684e-07,3.9808817594651684e-07,0,0,0,0,0,0,0.0001797562911073,0.0001797562911073
Hallway,ppo,0.000213504116037,2048,317,4,916514,911014,63.77914810180664,28,1024,8192,0.0014545382776487,0.1960292860474559,0.9253122529871508,8,0.0,0.0,0.0,1,265.49747560000105,1790.921875,0.84217744108355,1.0,10000,Windows,2026-01-04T14:57:12.094912,True,NVIDIA GeForce RTX 4070 Ti,11.99365234375,1.565423607826233,1377.57275390625,-1.0000001192092896,-20.00000238418579,-1.0000001192092896,-20.00000238418579,-0.0094092581421136,-0.1881851702928543,0.0919176373813157,0.0919176373813157,5.804678813412713e-06,5.804678813412713e-06,0,0,0,0,0,0,0.000213504116037,0.000213504116037
Hallway,ppo,0.0001025788023707,1024,559,1,616720,611085,63.77914810180664,28,512,10240,0.0094907002357554,0.2788248384390351,0.9489351487319502,3,0.0,0.0,0.0,1,153.10202670000035,1809.2109375,0.8155702312629352,1.0,10000,Windows,2026-01-04T14:59:49.118044,True,NVIDIA GeForce RTX 4070 Ti,11.99365234375,1.5907331705093384,1323.489990234375,-1.0000001192092896,-20.00000238418579,-1.0000001192092896,-20.00000238418579,-0.0094511192291975,-0.1890223771333694,0.0448049401036567,0.0448049401036567,5.81005659316563e-05,5.81005659316563e-05,0,0,0,0,0,0,0.0001025788023707,0.0001025788023707
Hallway,ppo,0.0003542409567748,512,607,4,558144,557497,63.77914810180664,28,128,10240,0.0078672200523031,0.2581329615039385,0.9857859983280424,5,0.0,0.0,0.0,1,173.13762130000032,1492.28515625,0.9754776387456784,1.0,10000,Windows,2026-01-04T15:02:46.153929,True,NVIDIA GeForce RTX 4070 Ti,11.99365234375,1.555758714675903,33305.68359375,-0.898688958088557,-26.960668742656708,-0.898688958088557,-26.960668742656708,-0.0760176181793212,-6.309462547302246,0.0915223073145898,0.0915223073145898,3.425106088798202e-05,3.425106088798202e-05,0,0,0,0,0,0,0.0003542409567748,0.0003542409567748
Hallway,ppo,0.0004073459587716,1024,802,4,570357,567867,63.77914810180664,28,256,2048,0.0094566561134005,0.15791283575956,0.9074368391333598,6,0.0,0.0,0.0,1,173.04555880000044,1589.63671875,0.8163430884602361,1.0,10000,Windows,2026-01-04T15:05:43.113567,True,NVIDIA GeForce RTX 4070 Ti,11.99365234375,1.595812439918518,714.9239501953125,-0.82381826097315,-9.06200087070465,-0.82381826097315,-9.06200087070465,-0.0024383335839957,-0.095095008611679,0.0678275420214049,0.0678275420214049,0.0001449136074901,0.0001449136074901,0,0,0,0,0,0,0.0004073459587716,0.0004073459587716
PushBlock,ppo,0.0005907051487197,2048,203,1,892031,891574,63.77914810180664,28,1024,8192,0.0033038604209682,0.229490124263363,0.9462887562153752,4,0.0,0.0,0.0,1,233.0030879000005,2511.23046875,0.9149454887467248,1.0,10000,Windows,2026-01-04T15:52:34.203032,True,NVIDIA GeForce RTX 4070 Ti,11.99365234375,1.598106026649475,22808.169921875,4.65602414053062,270.0494001507759,4.65602414053062,270.0494001507759,0.563061535358429,32.657569885253906,0.014664933689346,0.0293298673786921,0.2524493001401424,0.5048986002802849,0,0,0,0,0,0,0.0005907051487197,0.0011814102974395
PushBlock,ppo,0.0006040327194956,64,130,2,563854,550053,63.77914810180664,28,1024,4096,0.0072153541829714,0.2163008600662065,0.98871604022108,5,0.0,0.0,0.0,1,351.5628596000024,2515.88671875,0.973504466424419,1.0,10000,Windows,2026-01-04T15:58:29.870919,True,NVIDIA GeForce RTX 4070 Ti,11.99365234375,1.9222452640533447,6458.744140625,-1.0000001192092896,-10.000001192092896,-1.0000001192092896,-10.000001192092896,-0.0240060053765773,-0.2400600612163543,0.0806719256197767,0.0806719256197767,0.000517518303672,0.000517518303672,0,0,0,0,0,0,0.0006040327194956,0.0006040327194956
PushBlock,ppo,0.0001064377460774,256,438,2,952791,952294,63.77914810180664,28,128,10240,0.0085344996985908,0.1828834179403001,0.970732558756254,8,0.0,0.0,0.0,1,453.3920161999995,1499.31640625,0.939147477450996,1.0,10000,Windows,2026-01-04T16:06:07.347101,True,NVIDIA GeForce RTX 4070 Ti,11.99365234375,1.51469886302948,16043.6904296875,4.74389919390281,583.4996008500457,4.74389919390281,583.4996008500457,1.440112590789795,233.2982482910156,0.0505642032310389,0.0505642032310389,0.3127635420731655,0.3127635420731655,0,0,0,0,0,0,0.0001064377460774,0.0001064377460774
PushBlock,ppo,0.0001274610780852,512,557,5,761520,750355,63.77914810180664,28,1024,10240,0.006145708158423,0.1484352831677016,0.9886710267083424,3,0.0,0.0,0.0,1,196.7193631000009,2632.26953125,0.8946957884322374,1.0,10000,Windows,2026-01-04T16:09:27.914185,True,NVIDIA GeForce RTX 4070 Ti,11.99365234375,1.934947490692139,6439.50537109375,-1.0000001192092896,-10.000001192092896,-1.0000001192092896,-10.000001192092896,-0.0091470181941986,-0.091470181941986,0.0303145844825646,0.0303145844825646,5.61905122190688e-05,5.61905122190688e-05,0,0,0,0,0,0,0.0001274610780852,0.0001274610780852
PushBlock,ppo,0.0001301203921875,512,646,3,780247,779279,63.77914810180664,28,128,4096,0.0039584566649623,0.2022849380728481,0.9677421298981892,9,0.0,0.0,0.0,1,361.1621630000009,1492.22265625,0.910148307491204,1.0,10000,Windows,2026-01-04T16:15:33.132952,True,NVIDIA GeForce RTX 4070 Ti,11.99365234375,1.5851411819458008,12985.4765625,4.657765444797965,242.2038031294942,4.657765444797965,242.2038031294942,0.5840686559677124,65.999755859375,0.043266051872504,0.0865321037450081,0.1565028904005885,0.313005780801177,0,0,0,0,0,0,0.0001301203921875,0.000260240784375
PushBlock,ppo,0.000138931537269,256,173,2,567913,567281,63.77914810180664,28,64,8192,0.0030121385259654,0.1559602135256053,0.903371738310614,3,0.0,0.0,0.0,1,162.6122961000001,1390.078125,0.8578082393275311,1.0,10000,Windows,2026-01-04T16:18:19.632885,True,NVIDIA GeForce RTX 4070 Ti,11.99365234375,1.7601310014724731,25458.53515625,3.762616624434789,45.15139949321747,3.762616624434789,45.15139949321747,0.0496151410043239,8.037652969360352,0.0485249127018808,0.0970498254037617,0.0515905303498064,0.1031810606996129,0,0,0,0,0,0,0.000138931537269,0.000277863074538
PushBlock,ppo,0.0001744903402289,1024,555,1,650223,643152,63.77914810180664,28,512,8192,0.0080642198399904,0.1719162519459322,0.9127583948914134,6,0.0,0.0,0.0,1,207.67014850000123,1979.63671875,0.8648199769515529,1.0,10000,Windows,2026-01-04T16:21:51.133110,True,NVIDIA GeForce RTX 4070 Ti,11.99365234375,1.919512152671814,36731.78515625,-1.0000000596046448,-20.000001192092896,-1.0000000596046448,-20.000001192092896,0.0121326018124818,0.2426520437002182,0.0268118233191974,0.0536236466383949,0.0553166764439083,0.1106333528878167,0,0,0,0,0,0,0.0001744903402289,0.0003489806804578
PushBlock,ppo,0.0001234856193557,1024,870,3,770740,770689,63.77914810180664,28,128,8192,0.0052533747471292,0.1566123227061303,0.958298234047313,8,0.0,0.0,0.0,1,302.1177613,1544.828125,0.980461949093488,1.0,10000,Windows,2026-01-04T16:26:57.352287,True,NVIDIA GeForce RTX 4070 Ti,11.99365234375,1.4664045572280884,14687.5078125,4.908062762879078,750.933602720499,4.908062762879078,750.933602720499,2.797094821929932,511.8683471679688,0.0310989529752987,0.0310989529752987,0.3574223830364644,0.3574223830364644,0,0,0,0,0,0,0.0001234856193557,0.0001234856193557
PushBlock,ppo,0.00090470621943,512,438,2,987738,987269,63.77914810180664,28,256,2048,0.0094196095985426,0.1539032625134282,0.9653784069777656,8,0.0,0.0,0.0,1,412.33985440000106,1664.23046875,0.9776515163060348,1.0,10000,Windows,2026-01-04T16:33:53.636369,True,NVIDIA GeForce RTX 4070 Ti,11.99365234375,1.8302668333053589,18624.794921875,3.9644500091671935,31.715600073337555,3.9644500091671935,31.715600073337555,0.2177216112613678,9.36202907562256,0.03572904207734,0.10718712623202,0.0839904671932648,0.2519714015797945,0,0,0,0,0,0,0.00090470621943,0.0027141186582901
PushBlock,ppo,0.0001158520193596,512,137,2,763958,762343,63.77914810180664,28,256,10240,0.008471516615366,0.1444712227173566,0.9321016544824944,3,0.0,0.0,0.0,1,218.36898320000185,1654.44140625,0.8652338825831158,1.0,10000,Windows,2026-01-04T16:37:35.979718,True,NVIDIA GeForce RTX 4070 Ti,11.99365234375,1.8311806917190552,12188.3388671875,-0.2807895219639728,-10.670001834630966,-0.2807895219639728,-10.670001834630966,0.0295441318303346,1.2999417781829834,0.0352543817833066,0.0352543817833066,0.0632691835053265,0.0632691835053265,0,0,0,0,0,0,0.0001158520193596,0.0001158520193596
Crawler,ppo,0.000420628636683,2048,141,4,951087,950942,63.77914810180664,28,256,8192,0.003292836850215,0.2497061251310397,0.9127043540371717,4,0.0,0.0,0.0,1,372.4653203999988,1222.703125,0.8424246256152605,1.0,10000,Windows,2026-01-04T16:54:35.636928,True,NVIDIA GeForce RTX 4070 Ti,11.99365234375,1.3392192125320437,11423.5400390625,54.20941694205006,3903.078019827604,54.20941694205006,3903.078019827604,2.610947608947754,229.7633819580078,0.0166217759833671,0.0166217759833671,1.4892117157578468,1.4892117157578468,0,0,0,0,0,0,0.000420628636683,0.000420628636683
Crawler,ppo,0.0002329937601339,2048,183,3,647927,647261,63.77914810180664,28,1024,8192,0.0044159194658126,0.2654970116130566,0.9607389372744198,6,0.0,0.0,0.0,1,322.43632049999724,1469.015625,0.8615513065932591,1.0,10000,Windows,2026-01-04T17:00:02.586275,True,NVIDIA GeForce RTX 4070 Ti,11.99365234375,1.4123468399047852,12824.109375,116.89370496706528,1285.8307546377182,116.89370496706528,1285.8307546377182,0.4684574902057647,5.153032302856445,0.0131679568391215,0.0131679568391215,1.315611571073532,1.315611571073532,0,0,0,0,0,0,0.0002329937601339,0.0002329937601339
Crawler,ppo,0.0001042624010916,64,196,5,724128,724114,63.77914810180664,28,128,4096,0.0082213389397212,0.1496661558587949,0.9457222422519932,10,0.0,0.0,0.0,1,1103.3051999999989,1161.484375,0.8416458310054615,1.0,10000,Windows,2026-01-04T17:18:30.271774,True,NVIDIA GeForce RTX 4070 Ti,11.99365234375,1.2560304403305054,12736.1484375,109.4125926505678,3172.965186866466,109.4125926505678,3172.965186866466,1.7573111057281494,163.429931640625,0.098683336153313,0.296050008459939,0.5615143309438076,1.6845429928314228,0,0,0,0,0,0,0.0001042624010916,0.000312787203275
Crawler,ppo,0.0001049173207448,1024,803,5,630152,630062,63.77914810180664,28,64,2048,0.0026319215295262,0.2066548052528558,0.915535388953659,10,0.0,0.0,0.0,1,507.4083567999987,1174.48046875,0.8980440860484329,1.0,10000,Windows,2026-01-04T17:27:02.025006,True,NVIDIA GeForce RTX 4070 Ti,11.99365234375,1.3473058938980105,13971.5625,724.1489205848426,14482.978411696851,724.1489205848426,14482.978411696851,15.894132614135742,2670.21435546875,0.0223494026489788,0.0893976105959154,6.300051069259643,25.200204277038573,0,0,0,0,0,0,0.0001049173207448,0.0004196692829793
Crawler,ppo,0.0001016365725559,1024,567,5,623079,622737,63.77914810180664,28,128,10240,0.00398505213724,0.2315564934787393,0.9444938657106908,8,0.0,0.0,0.0,1,412.6331270999981,1208.67578125,0.9330796114658532,1.0,10000,Windows,2026-01-04T17:33:59.123499,True,NVIDIA GeForce RTX 4070 Ti,11.99365234375,1.3144710063934326,12934.39453125,308.2046152519492,4006.65999827534,308.2046152519492,4006.65999827534,14.43657684326172,1198.23583984375,0.0252540473971748,0.0252540473971748,6.658798438310623,6.658798438310623,0,0,0,0,0,0,0.0001016365725559,0.0001016365725559
Crawler,ppo,0.0001093595936342,256,179,5,929505,929395,63.77914810180664,28,64,4096,0.0077905639044314,0.2556030892381346,0.9510718462551372,6,0.0,0.0,0.0,1,596.3390383000005,1141.62890625,0.8305446598515578,1.0,10000,Windows,2026-01-04T17:43:59.848083,True,NVIDIA GeForce RTX 4070 Ti,11.99365234375,1.291654109954834,12593.6279296875,406.36421848802667,14222.747647080934,406.36421848802667,14222.747647080934,8.860394477844238,1550.569091796875,0.0450527168254161,0.1351581504762483,1.9784885367585552,5.935465610275665,0,0,0,0,0,0,0.0001093595936342,0.0003280787809026
Crawler,ppo,0.0002515619519598,256,687,3,754631,754548,63.77914810180664,28,256,8192,0.0042353607436438,0.1549102995943632,0.9860217727187665,10,0.0,0.0,0.0,1,615.4626958000008,1236.37109375,0.8181641639553732,1.0,10000,Windows,2026-01-04T17:54:19.818192,True,NVIDIA GeForce RTX 4070 Ti,11.99365234375,0.744088888168335,5945.27001953125,147.36923720811805,1768.4308464974165,147.36923720811805,1768.4308464974165,0.9981828331947328,41.92367935180664,0.0495801302522977,0.0495801302522977,0.1754704646533355,0.1754704646533355,0,0,0,0,0,0,0.0002515619519598,0.0002515619519598
Crawler,ppo,0.0005670204682639,256,632,2,837106,837043,63.77914810180664,28,128,4096,0.001352346381614,0.1983885037238644,0.9161413720088726,8,0.0,0.0,0.0,1,582.5149576000003,1177.62890625,0.9764481470226154,1.0,10000,Windows,2026-01-04T18:04:06.857849,True,NVIDIA GeForce RTX 4070 Ti,11.99365234375,0.3377919495105743,3357.65185546875,83.24536700762498,2497.3610102287494,83.24536700762498,2497.3610102287494,6.856151103973389,610.1974487304688,0.0457334965394693,0.0914669930789386,2.811321293353103,5.622642586706206,0,0,0,0,0,0,0.0005670204682639,0.0011340409365278
Crawler,ppo,0.0001592031255044,512,714,2,607389,607172,63.77914810180664,28,256,4096,0.0037536373487672,0.2185553628337208,0.9439076450686013,9,0.0,0.0,0.0,1,406.7691597999983,1218.37890625,0.9882402992764292,1.0,10000,Windows,2026-01-04T18:10:58.129209,True,NVIDIA GeForce RTX 4070 Ti,11.99365234375,1.2749829292297363,14126.810546875,110.10992097854614,1981.9785776138303,110.10992097854614,1981.9785776138303,27.302295684814453,1337.8125,0.0334193412014529,0.0668386824029059,21.32549981276194,42.65099962552388,0,0,0,0,0,0,0.0001592031255044,0.0003184062510089
Crawler,ppo,0.000596849917824,2048,409,3,816888,816787,63.77914810180664,28,128,8192,0.0029790883017023,0.2433644760009912,0.980207945010864,5,0.0,0.0,0.0,1,352.29088769999726,1187.66796875,0.9049283681815488,1.0,10000,Windows,2026-01-04T18:16:54.675773,True,NVIDIA GeForce RTX 4070 Ti,11.99365234375,1.2394843101501465,12828.662109375,226.6443853450544,7479.264716386795,226.6443853450544,7479.264716386795,9.86345672607422,917.301513671875,0.0191630111949052,0.0191630111949052,6.170472168922425,6.170472168922425,0,0,0,0,0,0,0.000596849917824,0.000596849917824
Basic,ppo,0.0006730510897315,128,433,2,595736,595626,63.77914810180664,28,256,2048,0.0035766237827102,0.2588108127139586,0.9666035667265632,4,0.0,0.0,0.0,1,1012.6767758000024,1321.7578125,0.8042366178053694,1.0,10000,Windows,2026-01-04T20:31:44.400000,True,NVIDIA GeForce RTX 4070 Ti,11.99365234375,6.066486548661487e-06,0.052450843155384,0.9280811079510048,1281.6800100803375,0.9280811079510048,1281.6800100803375,-0.0509560070931911,-1.9872843027114868,0.0724524277708648,0.2898097110834594,1.0345666130154703e-06,4.138266452061881e-06,0,0,0,0,0,0,0.0006730510897315,0.0026922043589262
Basic,ppo,0.0007973214023877,512,227,5,111285,792580,63.77914810180664,28,128,2048,0.0098239057056378,0.2889246946483482,0.9487952539633918,9,0.0,0.0,0.0,1,231.4248255999992,1281.11328125,0.8192278265851469,1.0,10000,Windows,2026-01-04T20:35:39.740963,True,NVIDIA GeForce RTX 4070 Ti,11.99365234375,-1.1920927533992653e-07,-0.0011934040812775,0.9300000071525574,1328.9700102210045,0.9300000071525574,1328.9700102210045,0.5661811828613281,809.0728759765625,0.0315272516260544,0.1576362581302722,8.604103155260586e-15,4.302051577630293e-14,0,0,0,0,0,0,0.0007973214023877,0.0039866070119386
Walker,ppo,0.0002749061628786,64,198,2,3163682,3163646,63.77914810180664,28,256,2048,0.0033190663371018,0.1580549248520754,0.9694667586348444,9,0.0,0.0,0.0,1,4391.800206,1117.87890625,0.8468251445867762,1.0,10000,Windows,2026-01-04T21:54:22.605272,True,NVIDIA GeForce RTX 4070 Ti,11.99365234375,-0.4453186690807342,-4413.10791015625,4.279985717744441,3167.189431130886,4.279985717744441,3167.189431130886,1.312341332435608,971.1326293945312,0.0924469840876952,0.4622349204384762,0.2214499724343707,1.1072498621718538,0,0,0,0,0,0,0.0002749061628786,0.0013745308143932
Walker,ppo,0.0003886104362256,512,1007,2,3195614,3195557,63.77914810180664,28,512,8192,0.0021531915186905,0.202873040969419,0.9867187332183924,5,0.0,0.0,0.0,1,1791.555646599998,1174.46484375,0.8276774626808843,1.0,10000,Windows,2026-01-04T22:24:18.443682,True,NVIDIA GeForce RTX 4070 Ti,11.99365234375,-0.1305471211671829,-1306.776611328125,8.701253746196137,6334.512727230787,8.701253746196137,6334.512727230787,2.744801044464112,1998.215087890625,0.0371397069073282,0.0371397069073282,0.3566833708435297,0.3566833708435297,0,0,0,0,0,0,0.0003886104362256,0.0003886104362256
Walker,ppo,0.0001672157547941,1024,204,2,3479941,3479778,63.77914810180664,28,1024,4096,0.0027560853762659,0.1957391599557704,0.9880836657440838,6,0.0,0.0,0.0,1,1556.2548813999963,1129.32421875,0.895845669123204,1.0,10000,Windows,2026-01-04T22:50:18.985273,True,NVIDIA GeForce RTX 4070 Ti,11.99365234375,0.7941960692405701,8235.8134765625,37.19465169734156,14654.692768752577,37.19465169734156,14654.692768752577,9.75532054901123,3843.596435546875,0.022441778321081,0.0448835566421621,4.747535462180773,9.495070924361546,0,0,0,0,0,0,0.0001672157547941,0.0003344315095882
Walker,ppo,0.0001829149660845,2048,630,5,2254373,2254277,63.77914810180664,28,256,8192,0.008968295999211,0.1883796910051195,0.9719286333947548,6,0.0,0.0,0.0,1,1116.6248984999984,1183.1328125,0.9512467251493112,1.0,10000,Windows,2026-01-04T23:08:59.677800,True,NVIDIA GeForce RTX 4070 Ti,11.99365234375,1.230995774269104,12199.16796875,27.97572495026383,12337.294703066347,27.97572495026383,12337.294703066347,11.428438186645508,5039.94140625,0.0202577252396925,0.0202577252396925,10.501539647579191,10.501539647579191,0,0,0,0,0,0,0.0001829149660845,0.0001829149660845
Walker,ppo,0.0002867343987977,256,317,1,3157741,3157647,63.77914810180664,28,256,2048,0.0093121083339091,0.162532151671579,0.9180123232404014,7,0.0,0.0,0.0,1,1783.5228341000038,1117.20703125,0.9087698349879326,1.0,10000,Windows,2026-01-04T23:38:47.163366,True,NVIDIA GeForce RTX 4070 Ti,11.99365234375,0.625339150428772,6215.87109375,18.28921461573595,10534.587618663909,18.28921461573595,10534.587618663909,6.8137383460998535,3924.71337890625,0.0521534133862847,0.208613653545139,3.0072623799954146,12.029049519981658,0,0,0,0,0,0,0.0002867343987977,0.0011469375951911
Walker,ppo,0.000484943042512,2048,768,3,2566747,2566612,63.77914810180664,28,64,8192,0.001713272965452,0.1004758234649176,0.9095794318448646,3,0.0,0.0,0.0,1,951.1613455999976,1176.79296875,0.8191745269262074,1.0,10000,Windows,2026-01-04T23:54:42.288227,True,NVIDIA GeForce RTX 4070 Ti,11.99365234375,1.075998306274414,10824.54296875,28.365747278396967,15260.772035777569,28.365747278396967,15260.772035777569,6.861201286315918,3691.326416015625,0.0108362527098506,0.0108362527098506,0.7474745611349741,0.7474745611349741,0,0,0,0,0,0,0.000484943042512,0.000484943042512
Walker,ppo,0.0005989066008839,128,503,3,2470521,2470432,63.77914810180664,28,128,4096,0.0032251649460985,0.2167190035062587,0.927908087498962,8,0.0,0.0,0.0,1,2088.7818753999964,1137.08984375,0.8117745699076978,1.0,10000,Windows,2026-01-05T00:29:35.028169,True,NVIDIA GeForce RTX 4070 Ti,11.99365234375,2.8454232215881348,28397.32421875,-0.4366124436852255,-340.1210936307907,-0.4366124436852255,-340.1210936307907,-0.2212428450584411,-172.34817504882812,0.1368533793032645,0.2737067586065291,0.0397223940144613,0.0794447880289226,0,0,0,0,0,0,0.0005989066008839,0.0011978132017678
Walker,ppo,0.0007196982665293,64,307,1,2201771,2201762,63.77914810180664,28,64,2048,0.0079204718310057,0.2017192500957331,0.9412498269227872,6,0.0,0.0,0.0,1,1677.9441206999982,1103.203125,0.8533235648319007,1.0,10000,Windows,2026-01-05T00:57:36.888168,True,NVIDIA GeForce RTX 4070 Ti,11.99365234375,1.3664484024047852,13555.16796875,6.596786256045427,4551.782516671345,6.596786256045427,4551.782516671345,2.1360270977020264,1473.858642578125,0.0932519996283373,0.4662599981416869,0.779675239939807,3.8983761996990354,0,0,0,0,0,0,0.0007196982665293,0.0035984913326467
Walker,ppo,0.0008795894697497,2048,717,5,2656076,2656063,63.77914810180664,28,512,8192,0.0035225889030085,0.2961118686129786,0.9617985237614723,3,0.0,0.0,0.0,1,1116.8569184000007,1187.37890625,0.867223980380205,1.0,10000,Windows,2026-01-05T01:16:17.718337,True,NVIDIA GeForce RTX 4070 Ti,11.99365234375,0.624869704246521,6142.46923828125,19.04313353365734,10721.28417944908,19.04313353365734,10721.28417944908,5.814931869506836,3273.806640625,0.0210759901868489,0.0210759901868489,1.6449038883050282,1.6449038883050282,0,0,0,0,0,0,0.0008795894697497,0.0008795894697497
Walker,ppo,0.0001561378541475,256,801,3,3805822,3805747,63.77914810180664,28,512,4096,0.0035711626160789,0.1387253224204372,0.9007562808508736,3,0.0,0.0,0.0,1,1587.0609232999996,1160.96484375,0.9396310724219368,1.0,10000,Windows,2026-01-05T01:42:48.724769,True,NVIDIA GeForce RTX 4070 Ti,11.99365234375,0.9621542096138,9534.9482421875,35.96801392833885,14495.109613120556,35.96801392833885,14495.109613120556,12.86917209625244,5186.2763671875,0.0517900457860681,0.1035800915721362,5.846556596457958,11.693113192915916,0,0,0,0,0,0,0.0001561378541475,0.0003122757082951
GridWorld,ppo,0.0006744621544223,256,325,4,3361178,3361133,63.77914810180664,28,64,4096,0.0077581175849701,0.1067411482808021,0.9728153054568398,7,0.0,0.0,0.0,1,4901.189017700002,2798.46875,0.99480234230381,1.0,10000,Windows,2026-01-05T09:49:17.176021,True,NVIDIA GeForce RTX 4070 Ti,11.99365234375,-1.1920927533992653e-07,-0.0010718106059357,-0.9999998807907104,-43.99999475479126,-0.9999998807907104,-43.99999475479126,-1.9230389595031736,-338.4548645019531,0.0478527467267089,0.1435582401801268,0.0005637351088288,0.0016912053264864,0,0,0,0,0,0,0.0006744621544223,0.0020233864632671
GridWorld,ppo,0.0002002500302804111,512,927,5,2573466,2573466,63.77914810180664,28,64,2048,0.0016012022994322515,0.14501512187382257,0.9119894673201414,6,0.0,0.0,0.0,1,7133.633710199996,31299.59765625,0.9872589388387603,1.0,10000,Windows,2026-01-05T11:48:14.997857,True,NVIDIA GeForce RTX 4070 Ti,11.99365234375,1.422387957572937,14145.6484375,-0.26213014848838895,-88.59999018907547,-0.26213014848838895,-88.59999018907547,-0.18668599426746368,-71.87410736083984,0.029514298556993408,0.14757149278496703,0.14336868592848379,0.716843429642419,0,0,0,0,0,0,0.00020025003028041106,0.0010012501514020554
