step,mean_reward,mean_group_reward,std_reward,time_elapsed,memory_usage_avg_mb,memory_usage_peak_mb,cpu_usage_avg_percent,cpu_usage_peak_percent,gpu_usage_avg_mb,gpu_usage_peak_mb,trainer_type,batch_size,buffer_size,learning_rate,beta,epsilon,lambd,num_epoch,learning_rate_schedule,policy_entropy,losses_policy_loss,losses_value_loss
10000,0,-0.245,,21.556,658.6027018,867.8125,12.5,100.3,167.2835286,173.8398438,poca,1024,10240,0.0005,0.005,0.2,0.9,4,constant,3.295753479,,
20000,0,-0.024,,35.795,769.3658512,1006.589844,7.894736842,100.3,169.0542763,173.8398438,poca,1024,10240,0.0005,0.005,0.2,0.9,4,constant,3.278639555,0.02375008911,0.0006925470661
30000,0,0,,47.925,817.0761719,1016.144531,6,100.3,169.7828125,173.8398438,poca,1024,10240,0.0005,0.005,0.2,0.9,4,constant,3.285048723,0.02440551296,0.001007286366
40000,0,-0.098,,63.915,851.759884,1016.144531,4.545454545,100.3,170.3420928,173.8398438,poca,1024,10240,0.0005,0.005,0.2,0.9,4,constant,3.270608425,0.02634611912,0.001145214774
50000,0,0.251,,77.26,902.4152987,1202.882813,3.797468354,100.3,170.6296974,173.8398438,poca,1024,10240,0.0005,0.005,0.2,0.9,4,constant,3.255409718,0.02988117747,0.000429668813
60000,0,0.285,,86.891,930.7690923,1202.882813,3.370786517,100.3,170.7937588,173.8398438,poca,1024,10240,0.0005,0.005,0.2,0.9,4,constant,3.230776787,,
70000,0,0.171,,102.221,963.789363,1204.988281,2.884615385,100.3,170.9806941,173.8398438,poca,1024,10240,0.0005,0.005,0.2,0.9,4,constant,3.201953888,0.02406633087,0.001854892471
80000,0,0.053,,115.06,986.5216012,1205.179688,2.564102564,100.3,171.103933,173.8398438,poca,1024,10240,0.0005,0.005,0.2,0.9,4,constant,3.216513157,0.02980332449,0.000378514902
90000,0,-0.009,,129.787,1002.860687,1205.179688,2.290076336,100.3,171.2092975,173.8398438,poca,1024,10240,0.0005,0.005,0.2,0.9,4,constant,3.180208683,0.02563053556,0.002653256292
100000,0,-0.202,,143.091,1016.683998,1205.179688,2.068965517,100.3,171.2943157,173.8398438,poca,1024,10240,0.0005,0.005,0.2,0.9,4,constant,3.163139343,0.02958255634,0.003631733358
110000,0,0.067,,156.078,1026.745969,1205.179688,1.910828025,100.3,171.3551204,173.8398438,poca,1024,10240,0.0005,0.005,0.2,0.9,4,constant,3.152149916,0.02677919902,0.0004301903246
120000,0,-0.314,,172.395,1038.43759,1205.179688,1.724137931,100.3,171.4269037,173.8398438,poca,1024,10240,0.0005,0.005,0.2,0.9,4,constant,3.157407761,0.02184547856,0.003362554358
130000,0,-0.336,,185.168,1045.831989,1205.179688,1.612903226,100.3,171.4696741,173.8398438,poca,1024,10240,0.0005,0.005,0.2,0.9,4,constant,3.116381407,0.02727020159,0.002437279793
140000,0,-0.106,,198.591,1052.561426,1205.179688,1.5,100.3,171.5130859,173.8398438,poca,1024,10240,0.0005,0.005,0.2,0.9,4,constant,3.123800039,0.02479070984,0.00311435922
150000,0,-0.567,,213.976,1058.464517,1205.179688,1.395348837,100.3,171.5533249,173.8398438,poca,1024,10240,0.0005,0.005,0.2,0.9,4,constant,3.128583431,0.02745735087,0.004917495884
160000,0,-0.17,,231.379,1064.333193,1205.179688,1.293103448,100.3,171.5926387,173.8398438,poca,1024,10240,0.0005,0.005,0.2,0.9,4,constant,3.102938414,0.0251985658,0.002512688981
170000,0,0.199,,245.728,1069.987027,1205.179688,1.219512195,100.3,171.620935,173.8398438,poca,1024,10240,0.0005,0.005,0.2,0.9,4,constant,3.062749863,0.02229875699,0.001060716808
180000,0,0,,258.962,1074.981851,1205.179688,1.153846154,100.3,171.6461839,173.8398438,poca,1024,10240,0.0005,0.005,0.2,0.9,4,constant,3.069460392,0.0231801644,0.0007692671497
190000,0,-0.031,,272.517,1079.355869,1206.355469,1.098901099,100.3,171.6673106,173.8398438,poca,1024,10240,0.0005,0.005,0.2,0.9,4,constant,3.054513931,0.0247675404,0.0004564344708
200000,0,-0.182,,286.527,1083.218614,1207.472656,1.045296167,100.3,171.6879219,173.8398438,poca,1024,10240,0.0005,0.005,0.2,0.9,4,constant,3.097497702,0.02403736301,0.001582752215
210000,0,-0.004,,300.167,1086.117513,1207.472656,1,100.3,171.7053385,173.8398438,poca,1024,10240,0.0005,0.005,0.2,0.9,4,constant,3.084523439,0.02236104012,0.001472130301
220000,0,-0.115,,315.895,1089.442853,1210.410156,0.9493670886,100.3,171.7248072,173.8398438,poca,1024,10240,0.0005,0.005,0.2,0.9,4,constant,3.0709095,0.02113502286,0.002549368655
230000,0,-0.201,,329.228,1091.812547,1210.410156,0.9118541033,100.3,171.7392311,173.8398438,poca,1024,10240,0.0005,0.005,0.2,0.9,4,constant,3.070544243,0.02722913586,0.002221391303
240000,0,-0.272,,343.475,1094.211666,1210.410156,0.8746355685,100.3,171.7535418,173.8398438,poca,1024,10240,0.0005,0.005,0.2,0.9,4,constant,3.063479185,0.02801642381,0.003095736494
250000,0,0.294,,352.87,1095.934678,1210.410156,0.8498583569,100.3,171.7630688,173.8398438,poca,1024,10240,0.0005,0.005,0.2,0.9,4,constant,3.089479446,,
260000,0,0.369,,366.737,1098.587453,1210.410156,0.8196721311,100.3,171.7746755,173.8398438,poca,1024,10240,0.0005,0.005,0.2,0.9,4,constant,3.107279301,0.03128356114,0.001162062748
270000,0,-0.444,,379.44,1100.959443,1210.410156,0.7915567282,100.3,171.7854861,173.8398438,poca,1024,10240,0.0005,0.005,0.2,0.9,4,constant,3.04154253,0.02789170295,0.001076443703
280000,0,0.052,,394.133,1103.085174,1210.410156,0.7614213198,100.3,171.7970733,173.8398438,poca,1024,10240,0.0005,0.005,0.2,0.9,4,constant,3.043621063,0.030275736,0.00362626533
290000,0,0.036,,409.002,1104.963465,1210.410156,0.7352941176,100.3,171.8071193,173.8398438,poca,1024,10240,0.0005,0.005,0.2,0.9,4,constant,3.044065475,0.03041783907,0.002495550318
300000,0,-0.116,,423.054,1106.443507,1210.410156,0.7109004739,100.3,171.8164988,173.8398438,poca,1024,10240,0.0005,0.005,0.2,0.9,4,constant,3.055415154,0.0238365978,0.00257408875
310000,0,-0.151,,440.937,1108.126705,1210.410156,0.6818181818,100.3,171.8276811,173.8398438,poca,1024,10240,0.0005,0.005,0.2,0.9,4,constant,3.028968334,0.02137300372,0.002252156613
320000,0,-0.428,,455.007,1109.76707,1210.410156,0.6607929515,100.3,171.8357654,173.8398438,poca,1024,10240,0.0005,0.005,0.2,0.9,4,constant,3.033578396,0.02730206959,0.003422044916
330000,0,-0.094,,468.701,1111.111796,1210.410156,0.641025641,100.3,171.8433661,173.8398438,poca,1024,10240,0.0005,0.005,0.2,0.9,4,constant,3.083896637,0.01879584603,0.000973013055
340000,0,-0.255,,483.841,1112.892372,1210.410156,0.6211180124,100.3,171.8510206,173.8398438,poca,1024,10240,0.0005,0.005,0.2,0.9,4,constant,3.040058374,0.02334799059,0.0011002213
350000,0,0,,491.65,1113.466438,1210.410156,0.612244898,100.3,171.8544324,173.8398438,poca,1024,10240,0.0005,0.005,0.2,0.9,4,constant,3.054798841,,
360000,0,0.115,,505.254,1114.952668,1210.410156,0.5952380952,100.3,171.8609716,173.8398438,poca,1024,10240,0.0005,0.005,0.2,0.9,4,constant,3.053286314,0.02477573045,5.78E-05
370000,0,0.106,,520.31,1116.370717,1212.070313,0.5780346821,100.3,171.8675864,173.8398438,poca,1024,10240,0.0005,0.005,0.2,0.9,4,constant,3.067982435,0.02307312936,0.0001051657746
380000,0,0.117,,534.011,1117.677874,1212.070313,0.5639097744,100.3,171.8730175,173.8398438,poca,1024,10240,0.0005,0.005,0.2,0.9,4,constant,3.069673777,0.03002835438,0.001945836586
390000,0,-0.333,,547.67,1119.388972,1212.070313,0.5494505495,100.3,171.8785772,173.8398438,poca,1024,10240,0.0005,0.005,0.2,0.9,4,constant,3.056955814,0.02895972878,0.002627482871
400000,0,-0.559,,561.643,1120.744113,1212.070313,0.5357142857,100.3,171.8838588,173.8398438,poca,1024,10240,0.0005,0.005,0.2,0.9,4,constant,3.053920031,0.02481599897,0.002450414933
410000,0,-0.507,,576.993,1122.037792,1212.070313,0.5217391304,100.3,171.8892323,173.8398438,poca,1024,10240,0.0005,0.005,0.2,0.9,4,constant,3.052106619,0.02000248246,0.002394997515
420000,0,-0.228,,590.3,1123.359926,1214.710938,0.5102040816,100.3,171.8936676,173.8398438,poca,1024,10240,0.0005,0.005,0.2,0.9,4,constant,3.069774151,0.0225456804,0.003365557874
430000,0,0.086,,604.551,1124.683191,1214.710938,0.4983388704,100.3,171.8982299,173.8398438,poca,1024,10240,0.0005,0.005,0.2,0.9,4,constant,3.049968481,0.02903665788,0.002263425849
440000,0,0.315,,619.926,1126.03728,1214.84375,0.4854368932,100.3,171.9031907,173.8398438,poca,1024,10240,0.0005,0.005,0.2,0.9,4,constant,3.059883595,0.01821067743,0.001700821449
450000,0,-0.127,,632.243,1127.103026,1214.84375,0.4761904762,100.3,171.906746,173.8398438,poca,1024,10240,0.0005,0.005,0.2,0.9,4,constant,3.043343067,0.0292657651,0.001819663798
460000,0,-0.208,,649.803,1128.160567,1214.84375,0.4636785162,100.3,171.9115569,173.8398438,poca,1024,10240,0.0005,0.005,0.2,0.9,4,constant,3.030154705,0.02092337795,0.007332176436
470000,0,-0.171,,663.582,1125.998629,1214.84375,0.4538577912,100.3,171.9153331,173.8398438,poca,1024,10240,0.0005,0.005,0.2,0.9,4,constant,3.044622898,0.02021850459,0.005518834107
480000,0,0.013,,677.541,1122.976991,1214.84375,0.4444444444,100.3,171.9189525,173.8398438,poca,1024,10240,0.0005,0.005,0.2,0.9,4,constant,3.028738976,0.02841559425,0.001100694411
490000,0,-0.135,,692.022,1119.811145,1214.84375,0.435413643,100.3,171.9224249,173.8398438,poca,1024,10240,0.0005,0.005,0.2,0.9,4,constant,3.038449049,0.02697490342,0.001090947888
500000,0,-0.164,,701.909,1116.964067,1214.84375,0.4291845494,100.3,171.9248201,173.8398438,poca,1024,10240,0.0005,0.005,0.2,0.9,4,constant,3.034803629,,
510000,0,-0.288,,715.11,1114.082207,1214.84375,0.4213483146,100.3,171.9278331,173.8398438,poca,1024,10240,0.0005,0.005,0.2,0.9,4,constant,3.01944685,0.02408221364,0.002017234685
520000,0,-0.041,,727.877,1111.507866,1214.84375,0.4137931034,100.3,171.9307381,173.8398438,poca,1024,10240,0.0005,0.005,0.2,0.9,4,constant,3.007915497,0.02907487564,0.007306121755
530000,0,0.053,,744.034,1108.632591,1214.84375,0.4048582996,100.3,171.9341736,173.8398438,poca,1024,10240,0.0005,0.005,0.2,0.9,4,constant,3.011330128,0.02485132404,0.00793732889
540000,0,0.176,,758.119,1106.091277,1214.84375,0.3973509934,100.3,171.9370602,173.8398438,poca,1024,10240,0.0005,0.005,0.2,0.9,4,constant,2.998073816,0.02894243039,0.004393592943
550000,0,-0.002,,771.964,1103.969762,1214.84375,0.390625,100.3,171.9396464,173.8398438,poca,1024,10240,0.0005,0.005,0.2,0.9,4,constant,2.95930028,0.03018389456,0.006669411901
560000,0,0.035,,786.281,1101.235373,1214.84375,0.3831417625,100.3,171.9425237,173.8398438,poca,1024,10240,0.0005,0.005,0.2,0.9,4,constant,2.984689951,0.02757542953,0.007137037814
570000,0,-0.237,,801.142,1098.89807,1214.84375,0.3764115433,100.3,171.9455036,173.8398438,poca,1024,10240,0.0005,0.005,0.2,0.9,4,constant,2.936146498,0.02465695515,0.007926595397
580000,0,0.261,,815.417,1096.29091,1214.84375,0.3694581281,100.3,171.9493246,173.8398438,poca,1024,10240,0.0005,0.005,0.2,0.9,4,constant,2.944968939,0.03010916524,0.00664132135
590000,0,-0.275,,829.008,1094.583428,1214.84375,0.3636363636,100.3,171.9525237,173.8398438,poca,1024,10240,0.0005,0.005,0.2,0.9,4,constant,2.907364845,0.0216132421,0.00870594196
600000,0,0.311,,844.735,1092.75674,1214.84375,0.3567181926,100.3,171.9563252,173.8398438,poca,1024,10240,0.0005,0.005,0.2,0.9,4,constant,2.912732363,0.02380940691,0.01120178401
610000,0,0.007,,861.101,1091.037308,1214.84375,0.3500583431,100.3,171.9599849,173.8398438,poca,1024,10240,0.0005,0.005,0.2,0.9,4,constant,2.88528657,0.02577572316,0.01146916859
620000,0,-0.294,,875.24,1089.635777,1214.84375,0.3444316877,100.3,171.9630767,173.8398438,poca,1024,10240,0.0005,0.005,0.2,0.9,4,constant,2.849602461,0.02616429329,0.01109079737
630000,0,0.025,,889.755,1088.378549,1214.84375,0.3389830508,100.3,171.9660708,173.8398438,poca,1024,10240,0.0005,0.005,0.2,0.9,4,constant,2.872130156,0.02303277515,0.01321226545
640000,0,0.052,,904.413,1086.815009,1214.84375,0.3333333333,100.3,171.9691753,173.8398438,poca,1024,10240,0.0005,0.005,0.2,0.9,4,constant,2.782632828,0.02539749071,0.01469812728
650000,0,-0.173,,918.796,1085.404938,1214.84375,0.3282275711,100.3,171.971981,173.8398438,poca,1024,10240,0.0005,0.005,0.2,0.9,4,constant,2.75965929,0.03028826416,0.01128020603
660000,0,0.026,,928.204,1084.428964,1214.84375,0.3250270856,100.3,171.9737397,173.8398438,poca,1024,10240,0.0005,0.005,0.2,0.9,4,constant,2.798535109,,
670000,0,-0.105,,942.476,1083.236511,1214.84375,0.3198294243,100.3,171.9765958,173.8398438,poca,1024,10240,0.0005,0.005,0.2,0.9,4,constant,2.745003939,0.0280933436,0.0178020224
680000,0,0.075,,957.673,1081.955133,1214.84375,0.314795383,100.3,171.979362,173.8398438,poca,1024,10240,0.0005,0.005,0.2,0.9,4,constant,2.862458944,0.02540258877,0.01390836108
690000,0,0.171,,970.957,1080.929712,1214.84375,0.3105590062,100.3,171.98169,173.8398438,poca,1024,10240,0.0005,0.005,0.2,0.9,4,constant,2.781908035,0.02714391798,0.00852046255
700000,0,0.18,,985.539,1079.679472,1214.84375,0.306122449,100.3,171.9841279,173.8398438,poca,1024,10240,0.0005,0.005,0.2,0.9,4,constant,2.677173615,0.02939013205,0.01434944011
710000,0,0.092,,1001.146,1078.258252,1214.84375,0.3012048193,100.3,171.9868301,173.8398438,poca,1024,10240,0.0005,0.005,0.2,0.9,4,constant,2.749664068,0.02850917354,0.01882245019
720000,0,0.024,,1015.325,1077.058768,1214.84375,0.297029703,100.3,171.9891244,173.8398438,poca,1024,10240,0.0005,0.005,0.2,0.9,4,constant,2.711666107,0.02713928744,0.01470971946
730000,0,0.198,,1028.529,1076.145387,1214.84375,0.293255132,100.3,171.9911985,173.8398438,poca,1024,10240,0.0005,0.005,0.2,0.9,4,constant,2.748873234,0.02958292328,0.01571404003
740000,0,-0.04,,1042.892,1075.126932,1214.84375,0.2892960463,100.3,171.9933741,173.8398438,poca,1024,10240,0.0005,0.005,0.2,0.9,4,constant,2.582106352,0.02862038277,0.01742448471
750000,0,0.147,,1057.827,1074.120763,1214.84375,0.2851711027,100.3,171.9956407,173.8398438,poca,1024,10240,0.0005,0.005,0.2,0.9,4,constant,2.635486364,0.03145441785,0.0219910685
760000,0,-0.02,,1073.869,1073.077909,1214.84375,0.2808988764,100.3,171.9979884,173.8398438,poca,1024,10240,0.0005,0.005,0.2,0.9,4,constant,2.596786022,0.02829950675,0.02136373892
770000,0,0.021,,1089.247,1071.807692,1214.84375,0.2770083102,100.3,172.0001262,173.8398438,poca,1024,10240,0.0005,0.005,0.2,0.9,4,constant,2.536125183,0.02974850126,0.02122330852
780000,0,0.02,,1103.518,1070.755786,1214.84375,0.2734731085,100.3,172.0020689,173.8398438,poca,1024,10240,0.0005,0.005,0.2,0.9,4,constant,2.486128569,0.02790103666,0.02340133488
790000,0,-0.014,,1117.911,1069.786368,1214.84375,0.2697841727,100.3,172.0040959,173.8398438,poca,1024,10240,0.0005,0.005,0.2,0.9,4,constant,2.523896456,0.02833575942,0.02741754614
800000,0,0.461,,1134.301,1068.874152,1214.84375,0.2659574468,100.3,172.0061987,173.8398438,poca,1024,10240,0.0005,0.005,0.2,0.9,4,constant,2.654826641,0.02909718826,0.02256498486
810000,0,-0.108,,1147.575,1068.100231,1214.84375,0.2629272568,100.3,172.0078639,173.8398438,poca,1024,10240,0.0005,0.005,0.2,0.9,4,constant,2.532133579,0.02438084409,0.02087113075
820000,0,-0.075,,1162.1,1067.217813,1214.84375,0.2597402597,100.3,172.0096151,173.8398438,poca,1024,10240,0.0005,0.005,0.2,0.9,4,constant,2.541718006,0.02914964594,0.02324593812
830000,0,0.4,,1177.093,1066.453849,1214.84375,0.2564102564,100.3,172.011445,173.8398438,poca,1024,10240,0.0005,0.005,0.2,0.9,4,constant,2.582424164,0.0261483565,0.02182647213
840000,0,0.002,,1191.805,1065.652426,1214.84375,0.253164557,100.3,172.0132285,173.8398438,poca,1024,10240,0.0005,0.005,0.2,0.9,4,constant,2.451967478,0.02471008338,0.02316115424
850000,0,-0.021,,1206.269,1065.018577,1214.84375,0.2502085071,100.3,172.0148529,173.8398438,poca,1024,10240,0.0005,0.005,0.2,0.9,4,constant,2.439931631,0.02945877984,0.02216626331
860000,0,0.199,,1222.312,1064.280752,1214.84375,0.2469135802,100.3,172.0166635,173.8398438,poca,1024,10240,0.0005,0.005,0.2,0.9,4,constant,2.585707188,0.03312937915,0.02475843951
870000,0,-0.13,,1235.97,1063.693145,1214.84375,0.244100895,100.3,172.018209,173.8398438,poca,1024,10240,0.0005,0.005,0.2,0.9,4,constant,2.416121483,0.02734454349,0.02212359197
880000,0,-0.199,,1251.758,1063.078518,1214.84375,0.2411575563,100.3,172.0198264,173.8398438,poca,1024,10240,0.0005,0.005,0.2,0.9,4,constant,2.50171423,0.03215944394,0.03049248457
890000,0,-0.064,,1265.93,1062.510905,1214.84375,0.2384737679,100.3,172.0213012,173.8398438,poca,1024,10240,0.0005,0.005,0.2,0.9,4,constant,2.442900658,0.02939813957,0.02546900883
900000,0,0.071,,1280.974,1061.815915,1214.84375,0.2356637863,100.3,172.0228453,173.8398438,poca,1024,10240,0.0005,0.005,0.2,0.9,4,constant,2.469463825,0.03047846258,0.02562568896
910000,0,-0.14,,1296.311,1061.172796,1214.84375,0.232738557,100.3,172.0244527,173.8398438,poca,1024,10240,0.0005,0.005,0.2,0.9,4,constant,2.374767065,0.0292349346,0.0378308408
920000,0,0.168,,1311.394,1060.609567,1214.84375,0.2300613497,100.3,172.0259238,173.8398438,poca,1024,10240,0.0005,0.005,0.2,0.9,4,constant,2.464519024,0.03180611879,0.02812958136
930000,0,0.014,,1321.593,1060.221839,1214.84375,0.2283105023,100.3,172.0268859,173.8398438,poca,1024,10240,0.0005,0.005,0.2,0.9,4,constant,2.380585909,,
940000,0,0.081,,1336.945,1059.452423,1214.84375,0.2257336343,100.3,172.0283019,173.8398438,poca,1024,10240,0.0005,0.005,0.2,0.9,4,constant,2.428678036,0.03033437021,0.03418679908
950000,0,-0.084,,1351.876,1058.739217,1214.84375,0.2232142857,100.3,172.0296863,173.8398438,poca,1024,10240,0.0005,0.005,0.2,0.9,4,constant,2.380920172,0.02799589001,0.02863915637
960000,0,-0.126,,1366.819,1058.03119,1214.84375,0.2209131075,100.3,172.0309508,173.8398438,poca,1024,10240,0.0005,0.005,0.2,0.9,4,constant,2.378225803,0.03080488183,0.03574525565
970000,0,-0.056,,1381.082,1057.098831,1214.84375,0.2184996358,100.3,172.0322771,173.8398438,poca,1024,10240,0.0005,0.005,0.2,0.9,4,constant,2.430703878,0.02640820295,0.03094926104
980000,0,-0.393,,1396.689,1056.447575,1214.84375,0.2161383285,100.3,172.0335746,173.8398438,poca,1024,10240,0.0005,0.005,0.2,0.9,4,constant,2.363596439,0.02961188182,0.02566660754
990000,0,0.169,,1412.303,1055.834199,1214.84375,0.2136752137,100.3,172.0349281,173.8398438,poca,1024,10240,0.0005,0.005,0.2,0.9,4,constant,2.378826857,0.02970133536,0.03044350632
1000000,0,-0.125,,1426.262,1055.3038,1214.84375,0.2117148906,100.3,172.0360053,173.8398438,poca,1024,10240,0.0005,0.005,0.2,0.9,4,constant,2.341670036,0.03311573341,0.03026918694
1010000,0,-0.184,,1441.282,1054.655121,1214.84375,0.2094972067,100.3,172.0372239,173.8398438,poca,1024,10240,0.0005,0.005,0.2,0.9,4,constant,2.349975824,0.02826082893,0.03330855072
1020000,0,-0.058,,1457.229,1054.019817,1214.84375,0.2071823204,100.3,172.038496,173.8398438,poca,1024,10240,0.0005,0.005,0.2,0.9,4,constant,2.296528339,0.02962247655,0.03070386127
1030000,0,0.105,,1471.539,1053.476055,1214.84375,0.2051983584,100.3,172.0395862,173.8398438,poca,1024,10240,0.0005,0.005,0.2,0.9,4,constant,2.314239025,0.02653867379,0.03364966437
1040000,0,0.144,,1486.396,1052.818448,1214.84375,0.2031144211,100.3,172.0407313,173.8398438,poca,1024,10240,0.0005,0.005,0.2,0.9,4,constant,2.299855947,0.03096745722,0.03404495865
1050000,0,-0.113,,1502.008,1052.192168,1214.84375,0.2009377093,100.3,172.0419274,173.8398438,poca,1024,10240,0.0005,0.005,0.2,0.9,4,constant,2.308101416,0.03046986088,0.03461025655
1060000,0,-0.128,,1517.863,1051.665544,1214.84375,0.198938992,100.3,172.0430257,173.8398438,poca,1024,10240,0.0005,0.005,0.2,0.9,4,constant,2.276705027,0.02834790945,0.03378127888
1070000,0,0.084,,1533.114,1051.045072,1214.84375,0.1969796454,100.3,172.0441024,173.8398438,poca,1024,10240,0.0005,0.005,0.2,0.9,4,constant,2.270884991,0.02942078002,0.03412220255
1080000,0,-0.029,,1548.42,1050.351461,1214.84375,0.1949317739,100.3,172.0452277,173.8398438,poca,1024,10240,0.0005,0.005,0.2,0.9,4,constant,2.238265991,0.03546180949,0.03764539957
1090000,0,-0.077,,1563.478,1049.793318,1214.84375,0.1930501931,100.3,172.0462617,173.8398438,poca,1024,10240,0.0005,0.005,0.2,0.9,4,constant,2.255811691,0.03315268457,0.03604054078
1100000,0,-0.036,,1578.497,1049.312717,1214.84375,0.1912045889,100.3,172.0472758,173.8398438,poca,1024,10240,0.0005,0.005,0.2,0.9,4,constant,2.208266258,0.02694486454,0.03366859257
1110000,0,0.05,,1593.393,1048.841216,1214.84375,0.1895135818,100.3,172.048205,173.8398438,poca,1024,10240,0.0005,0.005,0.2,0.9,4,constant,2.198557377,0.02892923541,0.03780280054
1120000,0,-0.147,,1609.112,1048.278001,1214.84375,0.1876172608,100.3,172.0492471,173.8398438,poca,1024,10240,0.0005,0.005,0.2,0.9,4,constant,2.19490695,0.02727766521,0.04442104697
1130000,0,0.035,,1623.888,1047.768503,1214.84375,0.1858736059,100.3,172.0502052,173.8398438,poca,1024,10240,0.0005,0.005,0.2,0.9,4,constant,2.233898401,0.03006041981,0.0385931395
1140000,0,0.163,,1639.732,1047.200744,1214.84375,0.1841620626,100.3,172.0511457,173.8398438,poca,1024,10240,0.0005,0.005,0.2,0.9,4,constant,2.264468193,0.02830883302,0.03738641739
1150000,0,0.054,,1654.36,1046.668007,1214.84375,0.1824817518,100.3,172.0520691,173.8398438,poca,1024,10240,0.0005,0.005,0.2,0.9,4,constant,2.209325552,0.03186968714,0.03492851555
1160000,0,-0.157,,1669.762,1046.136031,1214.84375,0.1808318264,100.3,172.0529757,173.8398438,poca,1024,10240,0.0005,0.005,0.2,0.9,4,constant,2.201952457,0.03165868297,0.03714670241
1170000,0,-0.123,,1684.871,1045.592875,1214.84375,0.1792114695,100.3,172.0538661,173.8398438,poca,1024,10240,0.0005,0.005,0.2,0.9,4,constant,2.191185951,0.0307925269,0.04231207073
1180000,0,0.086,,1700.112,1045.107409,1214.84375,0.1776198934,100.3,172.0547407,173.8398438,poca,1024,10240,0.0005,0.005,0.2,0.9,4,constant,2.198734522,0.03431981802,0.04190532118
1190000,0,0.007,,1716.067,1044.6565,1214.84375,0.1759530792,100.3,172.0556566,173.8398438,poca,1024,10240,0.0005,0.005,0.2,0.9,4,constant,2.15041256,0.02864154615,0.04311817884
1200000,0,-0.203,,1730.908,1044.215923,1214.84375,0.1744186047,100.3,172.0564998,173.8398438,poca,1024,10240,0.0005,0.005,0.2,0.9,4,constant,2.128329039,0.03390823305,0.04490350187
1210000,0,-0.124,,1746.757,1043.684692,1214.84375,0.1729106628,100.3,172.0573284,173.8398438,poca,1024,10240,0.0005,0.005,0.2,0.9,4,constant,2.131332636,0.03138795495,0.04081360996
1220000,0,0.081,,1763.011,1043.242018,1214.84375,0.1712328767,100.3,172.0582504,173.8398438,poca,1024,10240,0.0005,0.005,0.2,0.9,4,constant,2.180083275,0.02851969935,0.04052508995
1230000,0,0.136,,1777.209,1042.909521,1214.84375,0.1698754247,100.3,172.0589963,173.8398438,poca,1024,10240,0.0005,0.005,0.2,0.9,4,constant,2.153253555,0.02474701591,0.0393781811
1240000,0,0.105,,1787.546,1042.678236,1214.84375,0.1689189189,100.3,172.0595219,173.8398438,poca,1024,10240,0.0005,0.005,0.2,0.9,4,constant,2.122451544,,
1250000,0,-0.021,,1803.037,1042.039316,1214.84375,0.1675041876,100.3,172.0602993,173.8398438,poca,1024,10240,0.0005,0.005,0.2,0.9,4,constant,2.183641672,0.03025831655,0.0423655957
1260000,0,-0.119,,1818.337,1041.53154,1214.84375,0.1661129568,100.3,172.0610638,173.8398438,poca,1024,10240,0.0005,0.005,0.2,0.9,4,constant,2.179447174,0.02782859653,0.03494276851
1270000,0,0.034,,1833.072,1040.943,1214.84375,0.1647446458,100.3,172.0618157,173.8398438,poca,1024,10240,0.0005,0.005,0.2,0.9,4,constant,2.166200399,0.02950898185,0.03690849245
1280000,0,-0.084,,1848.756,1040.379123,1214.84375,0.1633097441,100.3,172.0626042,173.8398438,poca,1024,10240,0.0005,0.005,0.2,0.9,4,constant,2.169238806,0.02479687706,0.03835393488
1290000,0,0.019,,1863.859,1039.987026,1214.84375,0.161987041,100.3,172.063331,173.8398438,poca,1024,10240,0.0005,0.005,0.2,0.9,4,constant,2.147801638,0.03401571512,0.03922471404
1300000,0,-0.06,,1879.37,1039.628827,1214.84375,0.1606855919,100.3,172.0640462,173.8398438,poca,1024,10240,0.0005,0.005,0.2,0.9,4,constant,2.118684292,0.03045127355,0.04277245328
1310000,0,-0.05,,1894.449,1039.215439,1214.84375,0.1594048884,100.3,172.0647499,173.8398438,poca,1024,10240,0.0005,0.005,0.2,0.9,4,constant,2.130426645,0.02906129695,0.03616949916
1320000,0,-0.08,,1910.16,1038.801687,1214.84375,0.158061117,100.3,172.0654883,173.8398438,poca,1024,10240,0.0005,0.005,0.2,0.9,4,constant,2.156695366,0.03141105548,0.0383009389
1330000,0,-0.012,,1924.852,1038.283128,1214.84375,0.1569037657,100.3,172.0661243,173.8398438,poca,1024,10240,0.0005,0.005,0.2,0.9,4,constant,2.151076317,0.02759758383,0.03688456118
1340000,0,-0.057,,1940.605,1037.682864,1214.84375,0.1556016598,100.3,172.0668398,173.8398438,poca,1024,10240,0.0005,0.005,0.2,0.9,4,constant,2.12869668,0.02833228745,0.04394280165
1350000,0,0.099,,1955.434,1037.255964,1214.84375,0.1544799176,100.3,172.0674562,173.8398438,poca,1024,10240,0.0005,0.005,0.2,0.9,4,constant,2.139654398,0.0310161151,0.04215533286
1360000,0,0.12,,1971.378,1036.759873,1214.84375,0.1532175689,100.3,172.0681499,173.8398438,poca,1024,10240,0.0005,0.005,0.2,0.9,4,constant,2.11754632,0.03168006614,0.03731335327
1370000,0,0.016,,1986.538,1036.344294,1214.84375,0.1520527116,100.3,172.06879,173.8398438,poca,1024,10240,0.0005,0.005,0.2,0.9,4,constant,2.14714241,0.03152386099,0.03679678962
1380000,0,0.062,,2001.687,1035.913577,1214.84375,0.1509054326,100.3,172.0694204,173.8398438,poca,1024,10240,0.0005,0.005,0.2,0.9,4,constant,2.132452011,0.0300394129,0.03814136237
1390000,0,0.029,,2016.828,1035.433134,1214.84375,0.149775337,100.3,172.0700414,173.8398438,poca,1024,10240,0.0005,0.005,0.2,0.9,4,constant,2.141736746,0.03040779382,0.03657451645
1400000,0,-0.141,,2031.992,1035.022181,1214.84375,0.1486620416,100.3,172.0706532,173.8398438,poca,1024,10240,0.0005,0.005,0.2,0.9,4,constant,2.142691612,0.03591141477,0.03630215302
1410000,0,0.095,,2047.124,1034.751005,1214.84375,0.1475651746,100.3,172.0712559,173.8398438,poca,1024,10240,0.0005,0.005,0.2,0.9,4,constant,2.11413765,0.02980122343,0.03747763857
1420000,0,0.047,,2062.541,1034.473731,1214.84375,0.1464128843,100.3,172.0718891,173.8398438,poca,1024,10240,0.0005,0.005,0.2,0.9,4,constant,2.116471291,0.03094469942,0.04074406251
1430000,0,-0.021,,2078.723,1034.076373,1214.84375,0.1452784504,100.3,172.0725125,173.8398438,poca,1024,10240,0.0005,0.005,0.2,0.9,4,constant,2.107531786,0.02711649239,0.04428716004
1440000,0,-0.017,,2093.482,1033.605027,1214.84375,0.1443001443,100.3,172.0730501,173.8398438,poca,1024,10240,0.0005,0.005,0.2,0.9,4,constant,2.123386621,0.03205238655,0.03809635714
1450000,0,-0.049,,2108.792,1033.179727,1214.84375,0.1431980907,100.3,172.0736557,173.8398438,poca,1024,10240,0.0005,0.005,0.2,0.9,4,constant,2.093144417,0.02965778857,0.03810710087
1460000,0,-0.029,,2124.218,1032.880011,1214.84375,0.1421800948,100.3,172.074215,173.8398438,poca,1024,10240,0.0005,0.005,0.2,0.9,4,constant,2.089576006,0.03375517204,0.04337432235
1470000,0,-0.137,,2139.074,1032.523526,1214.84375,0.1411764706,100.3,172.0747665,173.8398438,poca,1024,10240,0.0005,0.005,0.2,0.9,4,constant,2.118608236,0.03174924105,0.03312376142
1480000,0,0.003,,2154.667,1032.27017,1214.84375,0.1401869159,100.3,172.0753103,173.8398438,poca,1024,10240,0.0005,0.005,0.2,0.9,4,constant,2.102890491,0.03237970918,0.03614364192
1490000,0,0.262,,2169.916,1032.022883,1214.84375,0.1392111369,100.3,172.0758465,173.8398438,poca,1024,10240,0.0005,0.005,0.2,0.9,4,constant,2.105844498,0.0300775338,0.03737444058
1500000,0,-0.062,,2185.259,1031.766886,1214.84375,0.1381851681,100.3,172.0764103,173.8398438,poca,1024,10240,0.0005,0.005,0.2,0.9,4,constant,2.09739399,0.02999876067,0.04178781807
1510000,0,0.03,,2201.464,1031.517565,1214.84375,0.1371742112,100.3,172.0769658,173.8398438,poca,1024,10240,0.0005,0.005,0.2,0.9,4,constant,2.093641996,0.03076384775,0.04464002326
1520000,0,0.045,,2211.661,1031.361407,1214.84375,0.1365498407,100.3,172.0773089,173.8398438,poca,1024,10240,0.0005,0.005,0.2,0.9,4,constant,2.094638824,,
1530000,0,0.065,,2227.576,1031.124387,1214.84375,0.1355625847,100.3,172.0778514,173.8398438,poca,1024,10240,0.0005,0.005,0.2,0.9,4,constant,2.075356722,0.03641016036,0.03864113614
1540000,0,-0.049,,2242.769,1030.92512,1214.84375,0.1346499102,100.3,172.0783529,173.8398438,poca,1024,10240,0.0005,0.005,0.2,0.9,4,constant,2.06270647,0.03129221871,0.03941630945
1550000,0,0.076,,2257.965,1030.715843,1214.84375,0.1337494427,100.3,172.0788477,173.8398438,poca,1024,10240,0.0005,0.005,0.2,0.9,4,constant,2.040612221,0.03576723114,0.0439895466
1560000,0,0.03,,2273.388,1030.51949,1214.84375,0.1328609389,100.3,172.079336,173.8398438,poca,1024,10240,0.0005,0.005,0.2,0.9,4,constant,2.046727657,0.03194192424,0.04568297043
1570000,0,0.067,,2288.896,1030.342679,1214.84375,0.1319841619,100.3,172.0798178,173.8398438,poca,1024,10240,0.0005,0.005,0.2,0.9,4,constant,2.0595119,0.02973826602,0.03885699436
1580000,0,0.076,,2303.429,1030.166075,1214.84375,0.1311188811,100.3,172.0802932,173.8398438,poca,1024,10240,0.0005,0.005,0.2,0.9,4,constant,2.05834198,0.03128031641,0.03796422482
1590000,0,0.043,,2319.75,1029.974675,1214.84375,0.1302083333,100.3,172.0807936,173.8398438,poca,1024,10240,0.0005,0.005,0.2,0.9,4,constant,2.035505295,0.02995703183,0.0420900695
1600000,0,-0.127,,2334.41,1029.805176,1214.84375,0.1293661061,100.3,172.0812564,173.8398438,poca,1024,10240,0.0005,0.005,0.2,0.9,4,constant,2.056133032,0.02975040674,0.04425345361
1610000,0,0.16,,2349.941,1029.644443,1214.84375,0.1285347044,100.3,172.0817133,173.8398438,poca,1024,10240,0.0005,0.005,0.2,0.9,4,constant,2.065860987,0.03266726807,0.03793110326
1620000,0,0.01,,2365.66,1029.46689,1214.84375,0.1276595745,100.3,172.0821941,173.8398438,poca,1024,10240,0.0005,0.005,0.2,0.9,4,constant,2.056948185,0.03035811521,0.03767742217
1630000,0,0.027,,2380.756,1029.301932,1214.84375,0.1268498943,100.3,172.0826391,173.8398438,poca,1024,10240,0.0005,0.005,0.2,0.9,4,constant,2.046517849,0.03146083653,0.04213757068
1640000,0,-0.029,,2396.059,1029.083384,1214.84375,0.1260504202,100.3,172.0830784,173.8398438,poca,1024,10240,0.0005,0.005,0.2,0.9,4,constant,2.042875767,0.03103554435,0.04054966941
1650000,0,0.089,,2411.251,1028.808176,1214.84375,0.1252609603,100.3,172.0835122,173.8398438,poca,1024,10240,0.0005,0.005,0.2,0.9,4,constant,2.038147449,0.02723973989,0.03696550801
1660000,0,-0.043,,2427.144,1028.46544,1214.84375,0.1244296972,100.3,172.083969,173.8398438,poca,1024,10240,0.0005,0.005,0.2,0.9,4,constant,2.029952765,0.03167998046,0.0399425067
1670000,0,0.241,,2442.128,1028.20654,1214.84375,0.1237113402,100.3,172.0843637,173.8398438,poca,1024,10240,0.0005,0.005,0.2,0.9,4,constant,2.05271554,0.03701980785,0.0358678326
1680000,0,-0.111,,2457.715,1027.795363,1214.84375,0.1229004506,100.3,172.0848093,173.8398438,poca,1024,10240,0.0005,0.005,0.2,0.9,4,constant,2.03042984,0.02720735222,0.042080082
1690000,0,0.214,,2473.629,1027.381418,1214.84375,0.1221001221,100.3,172.0852491,173.8398438,poca,1024,10240,0.0005,0.005,0.2,0.9,4,constant,2.044307947,0.03149303421,0.04169378802
1700000,0,-0.064,,2488.717,1027.07152,1214.84375,0.1213592233,100.3,172.0856562,173.8398438,poca,1024,10240,0.0005,0.005,0.2,0.9,4,constant,2.062982321,0.03469875827,0.04275254533
1710000,0,0.008,,2503.515,1026.814277,1214.84375,0.1206757844,100.3,172.0860318,173.8398438,poca,1024,10240,0.0005,0.005,0.2,0.9,4,constant,2.03092885,0.0343339555,0.0403230302
1720000,0,-0.1,,2518.754,1026.582483,1214.84375,0.1199520192,100.3,172.0864295,173.8398438,poca,1024,10240,0.0005,0.005,0.2,0.9,4,constant,2.034690619,0.03163095564,0.03751860559
1730000,0,-0.134,,2534.296,1026.373959,1214.84375,0.1191895113,100.3,172.0868485,173.8398438,poca,1024,10240,0.0005,0.005,0.2,0.9,4,constant,2.012031317,0.03293582425,0.04210487381
1740000,0,-0.074,,2549.142,1026.122163,1214.84375,0.1184834123,100.3,172.0872365,173.8398438,poca,1024,10240,0.0005,0.005,0.2,0.9,4,constant,2.013476372,0.03388055041,0.0478447862
1750000,0,0,,2564.653,1025.846712,1214.84375,0.1177856302,100.3,172.0876199,173.8398438,poca,1024,10240,0.0005,0.005,0.2,0.9,4,constant,2.023600817,0.03768513352,0.04357501492
1760000,0,0.048,,2580.58,1025.557004,1214.84375,0.1170503316,100.3,172.088024,173.8398438,poca,1024,10240,0.0005,0.005,0.2,0.9,4,constant,2.018469095,0.03095545061,0.04246806726
1770000,0,-0.32,,2595.125,1025.3573,1214.84375,0.1164144354,100.3,172.0883734,173.8398438,poca,1024,10240,0.0005,0.005,0.2,0.9,4,constant,2.049051523,0.03125684336,0.04000739381
1780000,0,0.006,,2611.161,1025.112593,1214.84375,0.1156961049,100.3,172.0887681,173.8398438,poca,1024,10240,0.0005,0.005,0.2,0.9,4,constant,2.048557281,0.02996327728,0.03621516749
1790000,0,0.023,,2626.044,1024.854233,1214.84375,0.1150306748,100.3,172.0891338,173.8398438,poca,1024,10240,0.0005,0.005,0.2,0.9,4,constant,2.047908306,0.03133694828,0.04189517722
1800000,0,-0.104,,2640.801,1024.615473,1214.84375,0.1143728555,100.3,172.0894953,173.8398438,poca,1024,10240,0.0005,0.005,0.2,0.9,4,constant,2.036001921,0.03139818832,0.0393981114
1810000,0,0.057,,2656.526,1024.355541,1214.84375,0.1137225171,100.3,172.0898526,173.8398438,poca,1024,10240,0.0005,0.005,0.2,0.9,4,constant,2.048208475,0.03551448882,0.03795874864
1820000,0,0,,2671.92,1024.001319,1214.84375,0.1130795326,100.3,172.090206,173.8398438,poca,1024,10240,0.0005,0.005,0.2,0.9,4,constant,2.057538033,0.03152857721,0.03933252767
1830000,0,0.057,,2682.616,1023.79946,1214.84375,0.1126126126,100.3,172.0904625,173.8398438,poca,1024,10240,0.0005,0.005,0.2,0.9,4,constant,2.030458927,,
1840000,0,-0.055,,2698.078,1023.520133,1214.84375,0.1119820829,100.3,172.090809,173.8398438,poca,1024,10240,0.0005,0.005,0.2,0.9,4,constant,2.045325994,0.02878919989,0.04165050015
1850000,0,0.224,,2712.884,1023.272554,1214.84375,0.1113585746,100.3,172.0911516,173.8398438,poca,1024,10240,0.0005,0.005,0.2,0.9,4,constant,2.066534758,0.0311848484,0.04124483466
1860000,0,-0.21,,2728.382,1023.030949,1214.84375,0.1107419712,100.3,172.0914905,173.8398438,poca,1024,10240,0.0005,0.005,0.2,0.9,4,constant,2.035991192,0.03198013082,0.03675333411
1870000,0,-0.099,,2743.61,1022.778462,1214.84375,0.1100917431,100.3,172.0918478,173.8398438,poca,1024,10240,0.0005,0.005,0.2,0.9,4,constant,2.006136179,0.03323872015,0.04356492311
1880000,0,0.089,,2759.046,1022.403905,1214.84375,0.1094890511,100.3,172.0921789,173.8398438,poca,1024,10240,0.0005,0.005,0.2,0.9,4,constant,2.039021015,0.02835739218,0.04781887308
1890000,0,0.102,,2774.433,1022.111503,1214.84375,0.108892922,100.3,172.0925065,173.8398438,poca,1024,10240,0.0005,0.005,0.2,0.9,4,constant,2.012009382,0.03082900494,0.04264868423
1900000,0,-0.088,,2789.532,1021.897861,1214.84375,0.1083032491,100.3,172.0928306,173.8398438,poca,1024,10240,0.0005,0.005,0.2,0.9,4,constant,2.055696487,0.03185517713,0.04137773439
1910000,0,0.181,,2805.316,1021.692311,1214.84375,0.1076812635,100.3,172.0931723,173.8398438,poca,1024,10240,0.0005,0.005,0.2,0.9,4,constant,2.040471315,0.02950148098,0.03874674812
1920000,0,-0.038,,2820.106,1021.47006,1214.84375,0.1071428571,100.3,172.0934682,173.8398438,poca,1024,10240,0.0005,0.005,0.2,0.9,4,constant,2.016958952,0.03110594116,0.03846317157
1930000,0,0.053,,2834.856,1021.239896,1214.84375,0.1065719361,100.3,172.0937819,173.8398438,poca,1024,10240,0.0005,0.005,0.2,0.9,4,constant,2.018761396,0.03247375041,0.04183692858
1940000,0,0.076,,2850.236,1021.043332,1214.84375,0.1060070671,100.3,172.0940923,173.8398438,poca,1024,10240,0.0005,0.005,0.2,0.9,4,constant,2.042676449,0.03095678985,0.03494035825
1950000,0,0.119,,2865.46,1020.830445,1214.84375,0.1054481547,100.3,172.0943994,173.8398438,poca,1024,10240,0.0005,0.005,0.2,0.9,4,constant,2.030916691,0.03278927878,0.03684428334
1960000,0,-0.015,,2881.079,1020.618262,1214.84375,0.1048584411,100.3,172.0947235,173.8398438,poca,1024,10240,0.0005,0.005,0.2,0.9,4,constant,2.044900894,0.03017775528,0.04260584712
1970000,0,0.019,,2896.34,1020.427149,1214.84375,0.1043115438,100.3,172.095024,173.8398438,poca,1024,10240,0.0005,0.005,0.2,0.9,4,constant,2.072489738,0.04142785445,0.03620867804
1980000,0,-0.104,,2912.046,1020.26495,1214.84375,0.1037344398,100.3,172.0953411,173.8398438,poca,1024,10240,0.0005,0.005,0.2,0.9,4,constant,2.062389374,0.0339063555,0.04155319184
1990000,0,0.038,,2926.675,1020.143132,1214.84375,0.1032346869,100.3,172.0956158,173.8398438,poca,1024,10240,0.0005,0.005,0.2,0.9,4,constant,2.065406322,0.03045758419,0.03617541865
2000000,0,0.217,,2941.396,1020.008846,1214.84375,0.1027045532,100.3,172.0959071,173.8398438,poca,1024,10240,0.0005,0.005,0.2,0.9,4,constant,2.01722765,0.03022448346,0.03744230792
2010000,0,0.078,,2956.998,1019.912353,1214.84375,0.1021798365,100.3,172.0961954,173.8398438,poca,1024,10240,0.0005,0.005,0.2,0.9,4,constant,2.053478241,0.02920945548,0.03693267331
2020000,0,0.095,,2972.525,1019.809009,1214.84375,0.1016260163,100.3,172.0964997,173.8398438,poca,1024,10240,0.0005,0.005,0.2,0.9,4,constant,2.037678003,0.03300656006,0.04504301772
2030000,0,-0.355,,2987.439,1019.735748,1214.84375,0.1011122346,100.3,172.0967821,173.8398438,poca,1024,10240,0.0005,0.005,0.2,0.9,4,constant,2.054597378,0.0345768109,0.04530785605
2040000,0,-0.144,,3002.756,1019.682791,1214.84375,0.1006036217,100.3,172.0970615,173.8398438,poca,1024,10240,0.0005,0.005,0.2,0.9,4,constant,2.067516804,0.03246817738,0.03826414049
2050000,0,0.088,,3017.344,1019.632158,1214.84375,0.1001335113,100.3,172.0973199,173.8398438,poca,1024,10240,0.0005,0.005,0.2,0.9,4,constant,2.034576893,0.03534197062,0.03567147255
2060000,0,0.214,,3033.455,1019.572809,1214.84375,0.09960159363,100.3,172.0976122,173.8398438,poca,1024,10240,0.0005,0.005,0.2,0.9,4,constant,2.05750227,0.03137804195,0.03736880422
2070000,0,-0.048,,3047.763,1019.52502,1214.84375,0.09914077991,100.3,172.0981545,173.8398438,poca,1024,10240,0.0005,0.005,0.2,0.9,4,constant,2.028210163,0.03178936243,0.03786154464
2080000,0,-0.091,,3062.739,1019.469793,1214.84375,0.09865175929,100.3,172.0987301,173.8398438,poca,1024,10240,0.0005,0.005,0.2,0.9,4,constant,2.024547577,0.02848023735,0.04297252372
2090000,0,0.01,,3077.792,1019.418912,1214.84375,0.09816753927,100.3,172.0993,173.8398438,poca,1024,10240,0.0005,0.005,0.2,0.9,4,constant,2.049770832,0.03291878477,0.03951757401
2100000,0,-0.018,,3092.717,1019.368648,1214.84375,0.0976880495,100.3,172.0998644,173.8398438,poca,1024,10240,0.0005,0.005,0.2,0.9,4,constant,2.049476624,0.03346120566,0.03190628812
2110000,0,0.039,,3108.408,1019.312012,1214.84375,0.09718172983,100.3,172.1004603,173.8398438,poca,1024,10240,0.0005,0.005,0.2,0.9,4,constant,2.025870085,0.03226448968,0.03989141807
2120000,0,-0.153,,3119.066,1019.271619,1214.84375,0.09686793671,100.3,172.1008297,173.8398438,poca,1024,10240,0.0005,0.005,0.2,0.9,4,constant,2.057721376,,
2130000,0,-0.1,,3134.005,1019.139812,1214.84375,0.09640102828,100.3,172.1013792,173.8398438,poca,1024,10240,0.0005,0.005,0.2,0.9,4,constant,2.047168732,0.0300152991,0.0411128141
2140000,0,0.074,,3149.645,1019.086007,1214.84375,0.09590792839,100.3,172.1019596,173.8398438,poca,1024,10240,0.0005,0.005,0.2,0.9,4,constant,2.021243572,0.03517277166,0.03774919733
2150000,0,0,,3164.763,1019.006172,1214.84375,0.09545020681,100.3,172.1024984,173.8398438,poca,1024,10240,0.0005,0.005,0.2,0.9,4,constant,2.053111076,0.03547170386,0.04019438475
2160000,0,0.024,,3178.962,1018.925494,1214.84375,0.0950269243,100.3,172.1029966,173.8398438,poca,1024,10240,0.0005,0.005,0.2,0.9,4,constant,2.033556461,0.03335510939,0.03927648813
2170000,0,-0.08,,3194.775,1018.772394,1214.84375,0.09457755359,100.3,172.1035255,173.8398438,poca,1024,10240,0.0005,0.005,0.2,0.9,4,constant,2.017066002,0.03153367341,0.03324947879
2180000,0,-0.19,,3209.931,1018.639084,1214.84375,0.09413241293,100.3,172.1040494,173.8398438,poca,1024,10240,0.0005,0.005,0.2,0.9,4,constant,2.019628048,0.03050858341,0.03913757205
2190000,0,0.007,,3225.53,1018.553446,1214.84375,0.0936621917,100.3,172.1046029,173.8398438,poca,1024,10240,0.0005,0.005,0.2,0.9,4,constant,2.014906406,0.03139191493,0.03745194897
2200000,0,-0.007,,3239.918,1018.499564,1214.84375,0.09325458502,100.3,172.1052186,173.8398438,poca,1024,10240,0.0005,0.005,0.2,0.9,4,constant,2.018339872,0.03040854819,0.03520594537
2210000,0,0.025,,3255.313,1018.452304,1214.84375,0.09282178218,100.3,172.1060175,173.8398438,poca,1024,10240,0.0005,0.005,0.2,0.9,4,constant,2.013095617,0.03382438794,0.03854611889
2220000,0,0.068,,3271.475,1018.217853,1214.84375,0.09236453202,100.3,172.1068614,173.8398438,poca,1024,10240,0.0005,0.005,0.2,0.9,4,constant,2.01646924,0.03303971887,0.03956934437
2230000,0,0.167,,3286.394,1018.026345,1214.84375,0.09193993258,100.3,172.1076451,173.8398438,poca,1024,10240,0.0005,0.005,0.2,0.9,4,constant,2.029710531,0.02917229012,0.04035133496
2240000,0,0.017,,3301.541,1017.886788,1214.84375,0.09151921904,100.3,172.1084217,173.8398438,poca,1024,10240,0.0005,0.005,0.2,0.9,4,constant,2.008944273,0.02869182639,0.03667288274
2250000,0,0.133,,3316.587,1017.760808,1214.84375,0.09110233829,100.3,172.1091911,173.8398438,poca,1024,10240,0.0005,0.005,0.2,0.9,4,constant,2.004925489,0.03433187678,0.04209387675
2260000,0,-0.01,,3332.91,1017.636875,1214.84375,0.09066183137,100.3,172.1100042,173.8398438,poca,1024,10240,0.0005,0.005,0.2,0.9,4,constant,2.013311148,0.03142146021,0.03904335201
2270000,0,0.037,,3348.258,1017.503494,1214.84375,0.09022556391,100.3,172.1109434,173.8398438,poca,1024,10240,0.0005,0.005,0.2,0.9,4,constant,2.010156155,0.0352405943,0.0407461077
2280000,0,-0.122,,3363.374,1017.368173,1214.84375,0.08982035928,100.3,172.1121176,173.8398438,poca,1024,10240,0.0005,0.005,0.2,0.9,4,constant,1.986943603,0.032886751,0.0392388925
2290000,0,0.008,,3378.564,1017.292786,1214.84375,0.08941877794,100.3,172.1134675,173.8398438,poca,1024,10240,0.0005,0.005,0.2,0.9,4,constant,1.980654359,0.03079239465,0.04348738119
2300000,0,0.015,,3394.043,1017.230184,1214.84375,0.08902077151,100.3,172.1148055,173.8398438,poca,1024,10240,0.0005,0.005,0.2,0.9,4,constant,2.004122496,0.03389209881,0.04123917222
2310000,0,-0.003,,3409.073,1017.095261,1214.84375,0.08862629247,100.3,172.1161316,173.8398438,poca,1024,10240,0.0005,0.005,0.2,0.9,4,constant,1.989073277,0.03239599615,0.0345906429
2320000,0,0.148,,3424.629,1016.942708,1214.84375,0.08823529412,100.3,172.117446,173.8398438,poca,1024,10240,0.0005,0.005,0.2,0.9,4,constant,1.950296283,0.03429566696,0.04508196563
2330000,0,0.045,,3439.7,1016.864022,1214.84375,0.0878477306,100.3,172.1187489,173.8398438,poca,1024,10240,0.0005,0.005,0.2,0.9,4,constant,1.969004154,0.03244586661,0.04075891152
2340000,0,-0.022,,3455.836,1016.779944,1214.84375,0.0874380647,100.3,172.120126,173.8398438,poca,1024,10240,0.0005,0.005,0.2,0.9,4,constant,2.003149509,0.03595940769,0.0406797789
2350000,0,0.014,,3470.668,1016.706145,1214.84375,0.08705745792,100.3,172.1214055,173.8398438,poca,1024,10240,0.0005,0.005,0.2,0.9,4,constant,2.005213261,0.03147347271,0.03638242185
2360000,0,-0.035,,3485.706,1016.582058,1214.84375,0.08668015025,100.3,172.1226739,173.8398438,poca,1024,10240,0.0005,0.005,0.2,0.9,4,constant,1.985443234,0.03148772195,0.03555048257
2370000,0,0.037,,3501.009,1016.452624,1214.84375,0.08630609896,100.3,172.1239313,173.8398438,poca,1024,10240,0.0005,0.005,0.2,0.9,4,constant,1.946045518,0.03456216305,0.0397778675
2380000,0,0.103,,3516.638,1016.326341,1214.84375,0.08591065292,100.3,172.1252606,173.8398438,poca,1024,10240,0.0005,0.005,0.2,0.9,4,constant,1.960356712,0.03255288675,0.04516197369
2390000,0,-0.085,,3532.267,1016.249992,1214.84375,0.08554319932,100.3,172.1264959,173.8398438,poca,1024,10240,0.0005,0.005,0.2,0.9,4,constant,1.970337868,0.03642947227,0.03945331275
2400000,0,-0.106,,3547.392,1016.189442,1214.84375,0.08517887564,100.3,172.1277206,173.8398438,poca,1024,10240,0.0005,0.005,0.2,0.9,4,constant,1.95696342,0.03420553356,0.04050077498
2410000,0,-0.111,,3563.319,1016.117086,1214.84375,0.08479366874,100.3,172.1290156,173.8398438,poca,1024,10240,0.0005,0.005,0.2,0.9,4,constant,1.95574975,0.03237145767,0.04549419507
2420000,0,-0.074,,3578.618,1015.999731,1214.84375,0.08443568815,100.3,172.130219,173.8398438,poca,1024,10240,0.0005,0.005,0.2,0.9,4,constant,1.943786263,0.03560944274,0.04175679386
2430000,0,0.063,,3589.4,1015.939947,1214.84375,0.08417508418,100.3,172.131095,173.8398438,poca,1024,10240,0.0005,0.005,0.2,0.9,4,constant,1.964222312,,
2440000,0,-0.079,,3605,1015.885457,1214.84375,0.08382229673,100.3,172.132281,173.8398438,poca,1024,10240,0.0005,0.005,0.2,0.9,4,constant,1.968155742,0.03174328804,0.03929879144
2450000,0,0.053,,3620.823,1015.702112,1214.84375,0.08344923505,100.3,172.1335351,173.8398438,poca,1024,10240,0.0005,0.005,0.2,0.9,4,constant,1.952194452,0.03451516852,0.04176975042
2460000,0,-0.091,,3635.849,1015.579502,1214.84375,0.08310249307,100.3,172.1347007,173.8398438,poca,1024,10240,0.0005,0.005,0.2,0.9,4,constant,1.948773861,0.03070180863,0.04142240807
2470000,0,0.081,,3651.41,1015.45282,1214.84375,0.08275862069,100.3,172.1358567,173.8398438,poca,1024,10240,0.0005,0.005,0.2,0.9,4,constant,1.939740539,0.03379496187,0.04425985739
2480000,0,-0.092,,3667.235,1015.239724,1214.84375,0.08239494644,100.3,172.1370792,173.8398438,poca,1024,10240,0.0005,0.005,0.2,0.9,4,constant,1.919605374,0.03254760429,0.04501929134
2490000,0,0.033,,3682.877,1015.07841,1214.84375,0.08203445447,100.3,172.1382911,173.8398438,poca,1024,10240,0.0005,0.005,0.2,0.9,4,constant,1.975019574,0.03592676297,0.04424196109
2500000,0,0.172,,3698.151,1015.002233,1214.84375,0.08169934641,100.3,172.1394176,173.8398438,poca,1024,10240,0.0005,0.005,0.2,0.9,4,constant,1.917736292,0.03436877578,0.04540316761
2510000,0,-0.069,,3714.174,1014.887677,1214.84375,0.08134490239,100.3,172.1406091,173.8398438,poca,1024,10240,0.0005,0.005,0.2,0.9,4,constant,1.91584444,0.02927825227,0.04325256124
2520000,0,-0.049,,3729.255,1014.750975,1214.84375,0.08101539292,100.3,172.1417168,173.8398438,poca,1024,10240,0.0005,0.005,0.2,0.9,4,constant,1.916109443,0.03368135169,0.04787209257
2530000,0,0.101,,3744.717,1014.614973,1214.84375,0.08068854223,100.3,172.1428156,173.8398438,poca,1024,10240,0.0005,0.005,0.2,0.9,4,constant,1.929272294,0.03315915912,0.03949053213
2540000,0,-0.069,,3760.409,1014.470437,1214.84375,0.08034279593,100.3,172.1439778,173.8398438,poca,1024,10240,0.0005,0.005,0.2,0.9,4,constant,1.896740317,0.03448759392,0.04362460226
2550000,0,-0.109,,3775.4,1014.367158,1214.84375,0.08004268943,100.3,172.1449867,173.8398438,poca,1024,10240,0.0005,0.005,0.2,0.9,4,constant,1.911361575,0.03335317597,0.04337566718
2560000,0,-0.129,,3792.14,1014.237135,1214.84375,0.0796812749,100.3,172.1462017,173.8398438,poca,1024,10240,0.0005,0.005,0.2,0.9,4,constant,1.866670489,0.0323337093,0.04243274033
2570000,0,-0.007,,3807.753,1014.121247,1214.84375,0.07934408887,100.3,172.1475335,173.8398438,poca,1024,10240,0.0005,0.005,0.2,0.9,4,constant,1.897531986,0.02796829306,0.04635787755
2580000,0,-0.01,,3822.726,1014.036092,1214.84375,0.0790513834,100.3,172.1487473,173.8398438,poca,1024,10240,0.0005,0.005,0.2,0.9,4,constant,1.888569593,0.03075305559,0.03949806467
2590000,0,-0.117,,3838.372,1013.927403,1214.84375,0.0787194962,100.3,172.1501236,173.8398438,poca,1024,10240,0.0005,0.005,0.2,0.9,4,constant,1.899181247,0.03184082359,0.04366489872
2600000,0,0.041,,3853.777,1013.824316,1214.84375,0.07841087297,100.3,172.1514034,173.8398438,poca,1024,10240,0.0005,0.005,0.2,0.9,4,constant,1.883398533,0.03551280126,0.04183898121
2610000,0,0.234,,3869.824,1013.714125,1214.84375,0.07808433108,100.3,172.1527576,173.8398438,poca,1024,10240,0.0005,0.005,0.2,0.9,4,constant,1.876556993,0.03693244979,0.04095781222
2620000,0,0.059,,3884.247,1013.627473,1214.84375,0.07780082988,100.3,172.1539332,173.8398438,poca,1024,10240,0.0005,0.005,0.2,0.9,4,constant,1.894555569,0.03550778329,0.04026718065
2630000,0,-0.076,,3899.849,1013.515527,1214.84375,0.07747933884,100.3,172.1552664,173.8398438,poca,1024,10240,0.0005,0.005,0.2,0.9,4,constant,1.91108048,0.03652511165,0.03906265646
2640000,0,0.071,,3915.392,1013.417485,1214.84375,0.07718034474,100.3,172.1565063,173.8398438,poca,1024,10240,0.0005,0.005,0.2,0.9,4,constant,1.87426126,0.03347054124,0.03941270337
2650000,0,0.236,,3930.557,1013.320173,1214.84375,0.07688364941,100.3,172.1577366,173.8398438,poca,1024,10240,0.0005,0.005,0.2,0.9,4,constant,1.859461546,0.03489784896,0.03395619988
2660000,0,-0.07,,3945.555,1013.209145,1214.84375,0.07658922645,100.3,172.1589575,173.8398438,poca,1024,10240,0.0005,0.005,0.2,0.9,4,constant,1.892645478,0.03051115759,0.03986709192
2670000,0,0.013,,3960.819,1013.029337,1214.84375,0.07629704985,100.3,172.1601692,173.8398438,poca,1024,10240,0.0005,0.005,0.2,0.9,4,constant,1.88162899,0.0289182812,0.03807982057
2680000,0,0.089,,3976.458,1012.896721,1214.84375,0.07598784195,100.3,172.1614514,173.8398438,poca,1024,10240,0.0005,0.005,0.2,0.9,4,constant,1.894778013,0.03182967007,0.03874135017
2690000,0,-0.28,,3991.449,1012.775152,1214.84375,0.0757002271,100.3,172.1626441,173.8398438,poca,1024,10240,0.0005,0.005,0.2,0.9,4,constant,1.872686625,0.03358564153,0.03924432397
2700000,0,0.061,,4006.883,1012.60813,1214.84375,0.0754147813,100.3,172.1638278,173.8398438,poca,1024,10240,0.0005,0.005,0.2,0.9,4,constant,1.865081072,0.03360616416,0.03819192573
2710000,0,-0.045,,4022.882,1012.492529,1214.84375,0.075112669,100.3,172.1650806,173.8398438,poca,1024,10240,0.0005,0.005,0.2,0.9,4,constant,1.888174415,0.02948017046,0.03460142389
2720000,0,0.06,,4037.987,1012.39173,1214.84375,0.07483162884,100.3,172.1662461,173.8398438,poca,1024,10240,0.0005,0.005,0.2,0.9,4,constant,1.891052485,0.03125849739,0.03504740074
2730000,0,-0.045,,4053.446,1012.3001,1214.84375,0.0745526839,100.3,172.1674028,173.8398438,poca,1024,10240,0.0005,0.005,0.2,0.9,4,constant,1.887828231,0.0331656374,0.03692841902
2740000,0,-0.189,,4068.931,1012.201108,1214.84375,0.07425742574,100.3,172.1686272,173.8398438,poca,1024,10240,0.0005,0.005,0.2,0.9,4,constant,1.863293886,0.03301072493,0.04749167338
2750000,0,-0.095,,4084.841,1012.104717,1214.84375,0.07396449704,100.3,172.1698419,173.8398438,poca,1024,10240,0.0005,0.005,0.2,0.9,4,constant,1.870171189,0.02736564353,0.03969414532
2760000,0,-0.051,,4095.285,1012.024314,1214.84375,0.07378258731,100.3,172.1705963,173.8398438,poca,1024,10240,0.0005,0.005,0.2,0.9,4,constant,1.890354395,,
2770000,0,-0.185,,4110.818,1011.938908,1214.84375,0.07351139427,100.3,172.1717209,173.8398438,poca,1024,10240,0.0005,0.005,0.2,0.9,4,constant,1.893080115,0.03022268228,0.04398250207
2780000,0,-0.114,,4125.614,1011.789902,1214.84375,0.0732421875,100.3,172.1728373,173.8398438,poca,1024,10240,0.0005,0.005,0.2,0.9,4,constant,1.894102216,0.03437605873,0.03904492408
2790000,0,-0.128,,4141.077,1011.682066,1214.84375,0.07297494527,100.3,172.1739455,173.8398438,poca,1024,10240,0.0005,0.005,0.2,0.9,4,constant,1.877886295,0.03082221374,0.03829732165
2800000,0,0.049,,4156.282,1011.585745,1214.84375,0.07270964615,100.3,172.1750456,173.8398438,poca,1024,10240,0.0005,0.005,0.2,0.9,4,constant,1.870726347,0.03451969475,0.03970570862
2810000,0,0.121,,4171.167,1011.491378,1214.84375,0.07244626902,100.3,172.1761378,173.8398438,poca,1024,10240,0.0005,0.005,0.2,0.9,4,constant,1.874894261,0.0325871855,0.03449020162
2820000,0,0.034,,4186.97,1011.394092,1214.84375,0.07216742843,100.3,172.1772941,173.8398438,poca,1024,10240,0.0005,0.005,0.2,0.9,4,constant,1.873379111,0.03497504443,0.03817538172
2830000,0,0.106,,4201.32,1011.357155,1214.84375,0.07192519779,100.3,172.1782986,173.8398438,poca,1024,10240,0.0005,0.005,0.2,0.9,4,constant,1.863253713,0.03373232111,0.0332814157
2840000,0,0.171,,4216.893,1011.305463,1214.84375,0.07165034631,100.3,172.1794384,173.8398438,poca,1024,10240,0.0005,0.005,0.2,0.9,4,constant,1.865786791,0.03915206715,0.0401144363
2850000,0,-0.026,,4232.36,1011.28308,1214.84375,0.07139457401,100.3,172.1804991,173.8398438,poca,1024,10240,0.0005,0.005,0.2,0.9,4,constant,1.891902089,0.03032532334,0.03826443851
2860000,0,-0.252,,4248.118,1011.230505,1214.84375,0.07112375533,100.3,172.1816221,173.8398438,poca,1024,10240,0.0005,0.005,0.2,0.9,4,constant,1.879923582,0.0333491154,0.04497670382
2870000,0,-0.188,,4263.822,1011.140452,1214.84375,0.07087172218,100.3,172.1826672,173.8398438,poca,1024,10240,0.0005,0.005,0.2,0.9,4,constant,1.881562233,0.03646919504,0.03833203763
2880000,0,0.026,,4279.497,1011.102931,1214.84375,0.0706048482,100.3,172.1837739,173.8398438,poca,1024,10240,0.0005,0.005,0.2,0.9,4,constant,1.885962486,0.0362236239,0.04053480923
2890000,0,-0.211,,4295.729,1011.056391,1214.84375,0.07033997655,100.3,172.1848723,173.8398438,poca,1024,10240,0.0005,0.005,0.2,0.9,4,constant,1.887641549,0.03263676912,0.03495826572
2900000,0,-0.148,,4310.985,1010.989422,1214.84375,0.07009345794,100.3,172.1858946,173.8398438,poca,1024,10240,0.0005,0.005,0.2,0.9,4,constant,1.872630477,0.03379514068,0.037737526
2910000,0,-0.022,,4327.128,1010.914875,1214.84375,0.06983240223,100.3,172.1869772,173.8398438,poca,1024,10240,0.0005,0.005,0.2,0.9,4,constant,1.879296184,0.03097207099,0.0368466638
2920000,0,0.129,,4342.117,1010.841586,1214.84375,0.06958942241,100.3,172.1879848,173.8398438,poca,1024,10240,0.0005,0.005,0.2,0.9,4,constant,1.865835428,0.03038320132,0.04027966037
2930000,0,0.164,,4357.698,1010.789356,1214.84375,0.0693481276,100.3,172.1889854,173.8398438,poca,1024,10240,0.0005,0.005,0.2,0.9,4,constant,1.857688189,0.03920429945,0.03989945352
2940000,0,-0.091,,4373.42,1010.747469,1214.84375,0.06909258406,100.3,172.1900451,173.8398438,poca,1024,10240,0.0005,0.005,0.2,0.9,4,constant,1.856854081,0.0328050144,0.04039817303
2950000,0,-0.034,,4388.599,1010.715354,1214.84375,0.06885471655,100.3,172.1910315,173.8398438,poca,1024,10240,0.0005,0.005,0.2,0.9,4,constant,1.842691898,0.03360315412,0.03995694965
2960000,0,0.026,,4404.509,1010.682246,1214.84375,0.06860278985,100.3,172.1920762,173.8398438,poca,1024,10240,0.0005,0.005,0.2,0.9,4,constant,1.850893259,0.03979669511,0.04052468389
2970000,0,-0.036,,4420.481,1010.64951,1214.84375,0.06835269993,100.3,172.1931133,173.8398438,poca,1024,10240,0.0005,0.005,0.2,0.9,4,constant,1.867198586,0.0354699716,0.04428545758
2980000,0,-0.045,,4435.467,1010.612026,1214.84375,0.06813536225,100.3,172.1940146,173.8398438,poca,1024,10240,0.0005,0.005,0.2,0.9,4,constant,1.846058846,0.03486599773,0.04522045702
2990000,0,0.085,,4450.822,1010.564534,1214.84375,0.06788866259,100.3,172.1950376,173.8398438,poca,1024,10240,0.0005,0.005,0.2,0.9,4,constant,1.854613662,0.03092435934,0.03813340142
3000000,0,-0.208,,4466.51,1010.525118,1214.84375,0.06765899865,100.3,172.19599,173.8398438,poca,1024,10240,0.0005,0.005,0.2,0.9,4,constant,1.871316791,0.0344003886,0.03970618173
3010000,0,-0.073,,4482.612,1010.49949,1214.84375,0.06741573034,100.3,172.1969988,173.8398438,poca,1024,10240,0.0005,0.005,0.2,0.9,4,constant,1.886262536,0.03354443982,0.04483883828
3020000,0,-0.23,,4497.365,1010.483458,1214.84375,0.06718924972,100.3,172.197938,173.8398438,poca,1024,10240,0.0005,0.005,0.2,0.9,4,constant,1.869851351,0.03046862222,0.04093959555
3030000,0,0.042,,4513.078,1010.461347,1214.84375,0.06694934166,100.3,172.1989328,173.8398438,poca,1024,10240,0.0005,0.005,0.2,0.9,4,constant,1.852355003,0.0369066149,0.04309779778
3040000,0,-0.05,,4528.427,1010.444789,1214.84375,0.06672597865,100.3,172.1998591,173.8398438,poca,1024,10240,0.0005,0.005,0.2,0.9,4,constant,1.879101157,0.03410725296,0.03801898658
3050000,0,-0.146,,4539.462,1010.432501,1214.84375,0.06656312403,100.3,172.2005344,173.8398438,poca,1024,10240,0.0005,0.005,0.2,0.9,4,constant,1.844500184,,
3060000,0,-0.05,,4554.428,1010.367574,1214.84375,0.0663423264,100.3,172.20145,173.8398438,poca,1024,10240,0.0005,0.005,0.2,0.9,4,constant,1.848159671,0.03014930338,0.04327332601
3070000,0,-0.053,,4569.818,1010.340452,1214.84375,0.06612298876,100.3,172.2023596,173.8398438,poca,1024,10240,0.0005,0.005,0.2,0.9,4,constant,1.865486979,0.03320738673,0.03848397732
3080000,0,0.011,,4585.646,1010.319744,1214.84375,0.06589062157,100.3,172.2033232,173.8398438,poca,1024,10240,0.0005,0.005,0.2,0.9,4,constant,1.843153596,0.03107377328,0.04261834919
3090000,0,0.111,,4601.199,1010.298144,1214.84375,0.06567425569,100.3,172.2042204,173.8398438,poca,1024,10240,0.0005,0.005,0.2,0.9,4,constant,1.838611364,0.03292522579,0.0396659188
3100000,0,-0.069,,4616.687,1010.254828,1214.84375,0.06545930613,100.3,172.2051118,173.8398438,poca,1024,10240,0.0005,0.005,0.2,0.9,4,constant,1.829169393,0.03361004964,0.04352304339
3110000,0,-0.084,,4632.229,1010.215141,1214.84375,0.06523157208,100.3,172.2060562,173.8398438,poca,1024,10240,0.0005,0.005,0.2,0.9,4,constant,1.83654213,0.03526918218,0.04089966416
3120000,0,-0.13,,4648.17,1010.190352,1214.84375,0.06500541712,100.3,172.206994,173.8398438,poca,1024,10240,0.0005,0.005,0.2,0.9,4,constant,1.842645049,0.03633610159,0.04561936483
3130000,0,0.036,,4663.856,1010.085886,1214.84375,0.06479481641,100.3,172.2078673,173.8398438,poca,1024,10240,0.0005,0.005,0.2,0.9,4,constant,1.838558793,0.03604306653,0.04127188399
3140000,0,-0.047,,4679.902,1009.9709,1214.84375,0.06457167456,100.3,172.2087927,173.8398438,poca,1024,10240,0.0005,0.005,0.2,0.9,4,constant,1.821651697,0.03370010108,0.03967446461
3150000,0,-0.128,,4695.181,1009.920693,1214.84375,0.06436387041,100.3,172.2096544,173.8398438,poca,1024,10240,0.0005,0.005,0.2,0.9,4,constant,1.85023284,0.02938435227,0.04108767211
3160000,0,-0.249,,4711.084,1009.85699,1214.84375,0.06414368185,100.3,172.2105675,173.8398438,poca,1024,10240,0.0005,0.005,0.2,0.9,4,constant,1.843729496,0.03511852399,0.04295813665
3170000,0,-0.045,,4727.666,1009.738321,1214.84375,0.06392499467,100.3,172.2114744,173.8398438,poca,1024,10240,0.0005,0.005,0.2,0.9,4,constant,1.843966842,0.0354501158,0.04209459201
3180000,0,0.183,,4742.859,1009.624148,1214.84375,0.06370779359,100.3,172.2123751,173.8398438,poca,1024,10240,0.0005,0.005,0.2,0.9,4,constant,1.826157808,0.03170251846,0.03807244822
3190000,0,-0.062,,4759.396,1009.526303,1214.84375,0.06349206349,100.3,172.2132697,173.8398438,poca,1024,10240,0.0005,0.005,0.2,0.9,4,constant,1.813954473,0.03736139089,0.04351739958
3200000,0,0.065,,4776.121,1009.373404,1214.84375,0.06326444538,100.3,172.2142136,173.8398438,poca,1024,10240,0.0005,0.005,0.2,0.9,4,constant,1.843227506,0.03707659245,0.04736616462
3210000,0,0.053,,4791.421,1009.279278,1214.84375,0.06306495691,100.3,172.2150408,173.8398438,poca,1024,10240,0.0005,0.005,0.2,0.9,4,constant,1.860280395,0.03009125963,0.04036932439
3220000,0,-0.054,,4806.913,1009.253332,1214.84375,0.06286672255,100.3,172.2158629,173.8398438,poca,1024,10240,0.0005,0.005,0.2,0.9,4,constant,1.828182459,0.03717399761,0.04216117784
3230000,0,-0.205,,4821.907,1009.225293,1214.84375,0.06266973052,100.3,172.2166798,173.8398438,poca,1024,10240,0.0005,0.005,0.2,0.9,4,constant,1.836087823,0.0316356346,0.04071828723
3240000,0,-0.216,,4837.239,1009.159227,1214.84375,0.06247396918,100.3,172.2174916,173.8398438,poca,1024,10240,0.0005,0.005,0.2,0.9,4,constant,1.8236444,0.03085807338,0.04207902402
3250000,0,-0.038,,4853.251,1009.142361,1214.84375,0.06226650062,100.3,172.2183519,173.8398438,poca,1024,10240,0.0005,0.005,0.2,0.9,4,constant,1.824387431,0.03140160069,0.04075084999
3260000,0,-0.263,,4867.966,1009.137581,1214.84375,0.06207324643,100.3,172.2191533,173.8398438,poca,1024,10240,0.0005,0.005,0.2,0.9,4,constant,1.864650249,0.03295254335,0.03633601964
3270000,0,-0.108,,4883.457,1009.124716,1214.84375,0.06188118812,100.3,172.2199498,173.8398438,poca,1024,10240,0.0005,0.005,0.2,0.9,4,constant,1.817122102,0.0343647413,0.04379723966
3280000,0,0.079,,4898.887,1009.101575,1214.84375,0.06169031462,100.3,172.2207413,173.8398438,poca,1024,10240,0.0005,0.005,0.2,0.9,4,constant,1.831420183,0.02972653508,0.03513772041
3290000,0,0.044,,4914.783,1009.032344,1214.84375,0.06148800984,100.3,172.2215802,173.8398438,poca,1024,10240,0.0005,0.005,0.2,0.9,4,constant,1.823778749,0.03143823892,0.04150784761
3300000,0,-0.048,,4930.082,1008.956513,1214.84375,0.06129955047,100.3,172.2223617,173.8398438,poca,1024,10240,0.0005,0.005,0.2,0.9,4,constant,1.821446896,0.03431884944,0.04092233256
3310000,0,-0.209,,4947.675,1008.870003,1214.84375,0.06107491857,100.3,172.2232932,173.8398438,poca,1024,10240,0.0005,0.005,0.2,0.9,4,constant,1.835718632,0.03558738902,0.04164929315
3320000,0,0.118,,4961.777,1008.807038,1214.84375,0.06090133983,100.3,172.224013,173.8398438,poca,1024,10240,0.0005,0.005,0.2,0.9,4,constant,1.814047217,0.02926281095,0.0383861661
3330000,0,0.013,,4976.685,1008.781135,1214.84375,0.06071645416,100.3,172.2247797,173.8398438,poca,1024,10240,0.0005,0.005,0.2,0.9,4,constant,1.797276974,0.0398328118,0.04041202739
3340000,0,-0.19,,4987.521,1008.710865,1214.84375,0.06059381943,100.3,172.2252883,173.8398438,poca,1024,10240,0.0005,0.005,0.2,0.9,4,constant,1.810859084,,
3350000,0,-0.124,,5003.005,1008.534168,1214.84375,0.06039863096,100.3,172.2260977,173.8398438,poca,1024,10240,0.0005,0.005,0.2,0.9,4,constant,1.807096004,0.03415302932,0.03893622756
3360000,0,-0.178,,5018.592,1008.385202,1214.84375,0.06021678041,100.3,172.2268518,173.8398438,poca,1024,10240,0.0005,0.005,0.2,0.9,4,constant,1.79495728,0.03445780277,0.03961223736
3370000,0,-0.061,,5034,1008.274275,1214.84375,0.06003602161,100.3,172.2276014,173.8398438,poca,1024,10240,0.0005,0.005,0.2,0.9,4,constant,1.803136706,0.0353773348,0.0444515571
3380000,0,-0.097,,5049.76,1008.162013,1214.84375,0.05984440455,100.3,172.228396,173.8398438,poca,1024,10240,0.0005,0.005,0.2,0.9,4,constant,1.816337824,0.03258494288,0.04213538393
3390000,0,0.1,,5064.905,1008.071503,1214.84375,0.05966587112,100.3,172.2291364,173.8398438,poca,1024,10240,0.0005,0.005,0.2,0.9,4,constant,1.811045885,0.03742817417,0.04093956202
3400000,0,-0.07,,5080.745,1007.973276,1214.84375,0.05947660587,100.3,172.2299212,173.8398438,poca,1024,10240,0.0005,0.005,0.2,0.9,4,constant,1.803182602,0.03579529747,0.04145675153
3410000,0,0.105,,5095.713,1007.894036,1214.84375,0.05930025697,100.3,172.2306525,173.8398438,poca,1024,10240,0.0005,0.005,0.2,0.9,4,constant,1.831478238,0.03539692611,0.03863835335
3420000,0,0.086,,5111.255,1007.810812,1214.84375,0.05912495073,100.3,172.2313795,173.8398438,poca,1024,10240,0.0005,0.005,0.2,0.9,4,constant,1.801998138,0.0323882252,0.03847826645
3430000,0,-0.074,,5127.179,1007.714613,1214.84375,0.05893909627,100.3,172.2321502,173.8398438,poca,1024,10240,0.0005,0.005,0.2,0.9,4,constant,1.825436831,0.03295907378,0.0434458144
3440000,0,-0.207,,5142.256,1007.680241,1214.84375,0.05876591577,100.3,172.2328684,173.8398438,poca,1024,10240,0.0005,0.005,0.2,0.9,4,constant,1.812624693,0.03416074067,0.03978991136
3450000,0,-0.068,,5157.277,1007.615247,1214.84375,0.05859375,100.3,172.2335823,173.8398438,poca,1024,10240,0.0005,0.005,0.2,0.9,4,constant,1.844429493,0.03172428161,0.03790401295
3460000,0,-0.151,,5174.024,1007.474889,1214.84375,0.05841121495,100.3,172.2343393,173.8398438,poca,1024,10240,0.0005,0.005,0.2,0.9,4,constant,1.819801569,0.03660505638,0.03349236399
3470000,0,-0.023,,5188.774,1007.365819,1214.84375,0.05824111823,100.3,172.2350446,173.8398438,poca,1024,10240,0.0005,0.005,0.2,0.9,4,constant,1.821233749,0.0345861055,0.04112398624
3480000,0,-0.075,,5204.14,1007.27741,1214.84375,0.05807200929,100.3,172.2357459,173.8398438,poca,1024,10240,0.0005,0.005,0.2,0.9,4,constant,1.824683905,0.03349372,0.03795711324
3490000,0,-0.006,,5219.252,1007.197666,1214.84375,0.05790387956,100.3,172.2364431,173.8398438,poca,1024,10240,0.0005,0.005,0.2,0.9,4,constant,1.825079322,0.03635942563,0.03917423636
3500000,0,-0.147,,5235.402,1007.123721,1214.84375,0.05772561093,100.3,172.2371824,173.8398438,poca,1024,10240,0.0005,0.005,0.2,0.9,4,constant,1.818333149,0.03737710416,0.03941874579
3510000,0,-0.043,,5250.047,1007.037717,1214.84375,0.05755947813,100.3,172.2378713,173.8398438,poca,1024,10240,0.0005,0.005,0.2,0.9,4,constant,1.841691971,0.03792705387,0.0392623581
3520000,0,-0.042,,5265.49,1006.909286,1214.84375,0.05739429883,100.3,172.2385563,173.8398438,poca,1024,10240,0.0005,0.005,0.2,0.9,4,constant,1.824023008,0.03183403611,0.03782011196
3530000,0,-0.144,,5281.301,1006.77944,1214.84375,0.05721914934,100.3,172.2392826,173.8398438,poca,1024,10240,0.0005,0.005,0.2,0.9,4,constant,1.835556746,0.03323922679,0.04085755348
3540000,0,0.059,,5296.711,1006.707493,1214.84375,0.0570559148,100.3,172.2399595,173.8398438,poca,1024,10240,0.0005,0.005,0.2,0.9,4,constant,1.806839108,0.04108566418,0.04280519858
3550000,0,0.117,,5312.355,1006.617681,1214.84375,0.05688282139,100.3,172.2406773,173.8398438,poca,1024,10240,0.0005,0.005,0.2,0.9,4,constant,1.855335951,0.03197748587,0.03999071941
3560000,0,-0.08,,5327.98,1006.546711,1214.84375,0.05672149745,100.3,172.2413463,173.8398438,poca,1024,10240,0.0005,0.005,0.2,0.9,4,constant,1.853533626,0.03337830305,0.03485903516
3570000,0,0.035,,5342.702,1006.474797,1214.84375,0.05656108597,100.3,172.2420115,173.8398438,poca,1024,10240,0.0005,0.005,0.2,0.9,4,constant,1.819157004,0.03571483493,0.03893949836
3580000,0,-0.082,,5358.1,1006.338364,1214.84375,0.05640157924,100.3,172.2426729,173.8398438,poca,1024,10240,0.0005,0.005,0.2,0.9,4,constant,1.81085372,0.03158104047,0.03850115836
3590000,0,0.029,,5373.523,1006.192894,1214.84375,0.05624296963,100.3,172.2433307,173.8398438,poca,1024,10240,0.0005,0.005,0.2,0.9,4,constant,1.837665677,0.03746883199,0.037920136
3600000,0,0.004,,5388.815,1006.035725,1214.84375,0.05608524958,100.3,172.2439847,173.8398438,poca,1024,10240,0.0005,0.005,0.2,0.9,4,constant,1.807407856,0.03714234754,0.03874333203
3610000,0,0.087,,5405.507,1005.801995,1214.84375,0.05590756616,100.3,172.2447215,173.8398438,poca,1024,10240,0.0005,0.005,0.2,0.9,4,constant,1.806251168,0.03524233401,0.04220769927
3620000,0,0.038,,5420.707,1005.623459,1214.84375,0.05575171901,100.3,172.2453678,173.8398438,poca,1024,10240,0.0005,0.005,0.2,0.9,4,constant,1.803988099,0.03429684415,0.04276993498
3630000,0,0.028,,5436.058,1005.477236,1214.84375,0.05559673832,100.3,172.2460105,173.8398438,poca,1024,10240,0.0005,0.005,0.2,0.9,4,constant,1.814345956,0.0359528251,0.03760965541
3640000,0,0.039,,5451.343,1005.332341,1214.84375,0.05543237251,100.3,172.2466921,173.8398438,poca,1024,10240,0.0005,0.005,0.2,0.9,4,constant,1.800289154,0.03444301337,0.03858336806
3650000,0,0.107,,5467.25,1005.195413,1214.84375,0.05527915976,100.3,172.2473275,173.8398438,poca,1024,10240,0.0005,0.005,0.2,0.9,4,constant,1.791382432,0.03621052206,0.03851392865
3660000,0,0.085,,5478.045,1005.093144,1214.84375,0.05516734093,100.3,172.2477912,173.8398438,poca,1024,10240,0.0005,0.005,0.2,0.9,4,constant,1.817124963,,
3670000,0,-0.136,,5492.805,1004.997969,1214.84375,0.05501558775,100.3,172.2484205,173.8398438,poca,1024,10240,0.0005,0.005,0.2,0.9,4,constant,1.804250479,0.03354817256,0.04108214378
3680000,0,-0.027,,5508.347,1004.888511,1214.84375,0.05486466715,100.3,172.2490463,173.8398438,poca,1024,10240,0.0005,0.005,0.2,0.9,4,constant,1.779935479,0.03521074727,0.04070473462
3690000,0,-0.156,,5524.103,1004.7772,1214.84375,0.05470459519,100.3,172.2497101,173.8398438,poca,1024,10240,0.0005,0.005,0.2,0.9,4,constant,1.797959328,0.04107058048,0.04407863691
3700000,0,-0.015,,5539.02,1004.687347,1214.84375,0.0545553737,100.3,172.2503289,173.8398438,poca,1024,10240,0.0005,0.005,0.2,0.9,4,constant,1.792225242,0.03206223249,0.04381078854
3710000,0,0.062,,5554.398,1004.568461,1214.84375,0.05440696409,100.3,172.2509443,173.8398438,poca,1024,10240,0.0005,0.005,0.2,0.9,4,constant,1.779119372,0.0326324515,0.04337330163
3720000,0,0.039,,5570.112,1004.467453,1214.84375,0.05425935974,100.3,172.2515564,173.8398438,poca,1024,10240,0.0005,0.005,0.2,0.9,4,constant,1.776054859,0.03519229591,0.04190597683
3730000,0,-0.028,,5585.233,1004.354621,1214.84375,0.05411255411,100.3,172.2521652,173.8398438,poca,1024,10240,0.0005,0.005,0.2,0.9,4,constant,1.809881091,0.03469260409,0.04197869822
3740000,0,0.015,,5600.83,1004.246097,1214.84375,0.05395683453,100.3,172.252811,173.8398438,poca,1024,10240,0.0005,0.005,0.2,0.9,4,constant,1.786264062,0.03381074965,0.04088664427
3750000,0,-0.213,,5616.683,1004.140635,1214.84375,0.05380200861,100.3,172.253453,173.8398438,poca,1024,10240,0.0005,0.005,0.2,0.9,4,constant,1.751159906,0.03618804738,0.04966568202
3760000,0,-0.02,,5632.521,1004.050317,1214.84375,0.0536576641,100.3,172.2540516,173.8398438,poca,1024,10240,0.0005,0.005,0.2,0.9,4,constant,1.772102714,0.03332576528,0.04672210664
3770000,0,0.046,,5648.71,1003.924114,1214.84375,0.05350454789,100.3,172.2546865,173.8398438,poca,1024,10240,0.0005,0.005,0.2,0.9,4,constant,1.77964592,0.0349121578,0.04766807705
3780000,0,0.128,,5664.438,1003.772727,1214.84375,0.05335230304,100.3,172.2553179,173.8398438,poca,1024,10240,0.0005,0.005,0.2,0.9,4,constant,1.777406931,0.03801422939,0.04776068777
3790000,0,0.016,,5679.214,1003.644351,1214.84375,0.05321035828,100.3,172.2559065,173.8398438,poca,1024,10240,0.0005,0.005,0.2,0.9,4,constant,1.795259714,0.03523279727,0.03957843781
3800000,0,-0.033,,5694.98,1003.515268,1214.84375,0.05306916681,100.3,172.256492,173.8398438,poca,1024,10240,0.0005,0.005,0.2,0.9,4,constant,1.791883349,0.03805582598,0.03916360438
3810000,0,0.156,,5710.4,1003.362388,1214.84375,0.05291938614,100.3,172.2571131,173.8398438,poca,1024,10240,0.0005,0.005,0.2,0.9,4,constant,1.78787756,0.03100927174,0.04223715141
3820000,0,-0.076,,5726.344,1003.208487,1214.84375,0.05277973258,100.3,172.2576922,173.8398438,poca,1024,10240,0.0005,0.005,0.2,0.9,4,constant,1.78773272,0.03684602305,0.04187035933
3830000,0,-0.036,,5741.95,1003.041213,1214.84375,0.05263157895,100.3,172.2583066,173.8398438,poca,1024,10240,0.0005,0.005,0.2,0.9,4,constant,1.789011121,0.0365877524,0.03936464712
3840000,0,-0.008,,5757.288,1002.902489,1214.84375,0.05249343832,100.3,172.2588795,173.8398438,poca,1024,10240,0.0005,0.005,0.2,0.9,4,constant,1.789599657,0.03411975503,0.0458656624
3850000,0,-0.111,,5772.712,1002.767815,1214.84375,0.05235602094,100.3,172.2594493,173.8398438,poca,1024,10240,0.0005,0.005,0.2,0.9,4,constant,1.777485013,0.03398738801,0.03872698918
3860000,0,0.124,,5788.465,1002.624678,1214.84375,0.05221023321,100.3,172.2600539,173.8398438,poca,1024,10240,0.0005,0.005,0.2,0.9,4,constant,1.77411139,0.03572314978,0.04122234508
3870000,0,-0.122,,5804.178,1002.466674,1214.84375,0.05206525512,100.3,172.2606551,173.8398438,poca,1024,10240,0.0005,0.005,0.2,0.9,4,constant,1.763326526,0.0297065042,0.04491033405
3880000,0,-0.046,,5819.057,1002.313521,1214.84375,0.05193905817,100.3,172.2611784,173.8398438,poca,1024,10240,0.0005,0.005,0.2,0.9,4,constant,1.761547208,0.03569480032,0.04070772976
3890000,0,-0.054,,5835.517,1002.128186,1214.84375,0.05178663905,100.3,172.2618105,173.8398438,poca,1024,10240,0.0005,0.005,0.2,0.9,4,constant,1.777536869,0.03426287696,0.04609308019
3900000,0,-0.003,,5850.266,1002.01887,1214.84375,0.0516617875,100.3,172.2623282,173.8398438,poca,1024,10240,0.0005,0.005,0.2,0.9,4,constant,1.759592175,0.03669064492,0.04141216353
3910000,0,0.079,,5865.928,1001.882876,1214.84375,0.05151983514,100.3,172.2629169,173.8398438,poca,1024,10240,0.0005,0.005,0.2,0.9,4,constant,1.766407728,0.03445003182,0.0436248146
3920000,0,-0.15,,5881.99,1001.747887,1214.84375,0.05137866073,100.3,172.2635023,173.8398438,poca,1024,10240,0.0005,0.005,0.2,0.9,4,constant,1.763605595,0.03246067092,0.0392388925
3930000,0,-0.081,,5897.312,1001.626421,1214.84375,0.05124701059,100.3,172.2640482,173.8398438,poca,1024,10240,0.0005,0.005,0.2,0.9,4,constant,1.763742208,0.03522819653,0.04460242763
3940000,0,-0.113,,5913.013,1001.490701,1214.84375,0.05110732538,100.3,172.2646275,173.8398438,poca,1024,10240,0.0005,0.005,0.2,0.9,4,constant,1.751686931,0.03554387391,0.04501849785
3950000,0,-0.112,,5928.474,1001.364107,1214.84375,0.05097706032,100.3,172.2651677,173.8398438,poca,1024,10240,0.0005,0.005,0.2,0.9,4,constant,1.772148728,0.03263469413,0.04120373726
3960000,0,-0.031,,5944.292,1001.232931,1214.84375,0.05083884087,100.3,172.2657408,173.8398438,poca,1024,10240,0.0005,0.005,0.2,0.9,4,constant,1.765122056,0.03157593682,0.04047681391
3970000,0,-0.075,,5959.837,1001.103551,1214.84375,0.05070993915,100.3,172.2662754,173.8398438,poca,1024,10240,0.0005,0.005,0.2,0.9,4,constant,1.766904712,0.03686042875,0.03805158287
3980000,0,-0.172,,5970.355,1000.973758,1214.84375,0.05061582588,100.3,172.2666657,173.8398438,poca,1024,10240,0.0005,0.005,0.2,0.9,4,constant,1.785804033,,
3990000,0,-0.211,,5986.035,1000.84604,1214.84375,0.05048805116,100.3,172.2671955,173.8398438,poca,1024,10240,0.0005,0.005,0.2,0.9,4,constant,1.790561914,0.03500980884,0.0434204638
4000000,0,-0.025,,6000.878,1000.725259,1214.84375,0.05036091993,100.3,172.2677227,173.8398438,poca,1024,10240,0.0005,0.005,0.2,0.9,4,constant,1.769269228,0.03916442394,0.03801838681
4010000,0,-0.032,,6016.999,1000.60272,1214.84375,0.05022601708,100.3,172.2682821,173.8398438,poca,1024,10240,0.0005,0.005,0.2,0.9,4,constant,1.782300949,0.03248929605,0.04375528544
4020000,0,-0.161,,6032.129,1000.487954,1214.84375,0.0501002004,100.3,172.2688039,173.8398438,poca,1024,10240,0.0005,0.005,0.2,0.9,4,constant,1.805746078,0.03666816279,0.03685862198
4030000,0,0.006,,6047.811,1000.386022,1214.84375,0.04997501249,100.3,172.269323,173.8398438,poca,1024,10240,0.0005,0.005,0.2,0.9,4,constant,1.817331791,0.03337394446,0.03994284198
4040000,0,0.033,,6062.634,1000.285998,1214.84375,0.04985044865,100.3,172.2698396,173.8398438,poca,1024,10240,0.0005,0.005,0.2,0.9,4,constant,1.7979213,0.03934914991,0.03639287129
4050000,0,0.028,,6078.058,1000.184757,1214.84375,0.04972650423,100.3,172.2703536,173.8398438,poca,1024,10240,0.0005,0.005,0.2,0.9,4,constant,1.809987903,0.03881688789,0.03845832497
4060000,0,-0.118,,6094.515,1000.067778,1214.84375,0.04958677686,100.3,172.270933,173.8398438,poca,1024,10240,0.0005,0.005,0.2,0.9,4,constant,1.818673491,0.03712416068,0.03780084103
4070000,0,0.003,,6109.442,999.9613581,1214.84375,0.0494641385,100.3,172.2714415,173.8398438,poca,1024,10240,0.0005,0.005,0.2,0.9,4,constant,1.782926679,0.03517430276,0.03580260649
4080000,0,-0.031,,6125.349,999.8582475,1214.84375,0.04934210526,100.3,172.2719476,173.8398438,poca,1024,10240,0.0005,0.005,0.2,0.9,4,constant,1.801018119,0.03423391283,0.04408014566
4090000,0,-0.069,,6140.445,999.7823748,1214.84375,0.04922067268,100.3,172.2724512,173.8398438,poca,1024,10240,0.0005,0.005,0.2,0.9,4,constant,1.79359591,0.03308910877,0.04139210656
4100000,0,-0.158,,6156.426,999.7251064,1214.84375,0.04909180167,100.3,172.2729856,173.8398438,poca,1024,10240,0.0005,0.005,0.2,0.9,4,constant,1.804987907,0.03852248564,0.04220255464
4110000,0,-0.182,,6171.149,999.6493066,1214.84375,0.04897159647,100.3,172.273484,173.8398438,poca,1024,10240,0.0005,0.005,0.2,0.9,4,constant,1.82763648,0.03635817766,0.03962096199
4120000,0,-0.267,,6186.756,999.5560424,1214.84375,0.04885197851,100.3,172.2739801,173.8398438,poca,1024,10240,0.0005,0.005,0.2,0.9,4,constant,1.796139956,0.03535792604,0.03672059998
4130000,0,0.305,,6201.987,999.4662397,1214.84375,0.04873294347,100.3,172.2744737,173.8398438,poca,1024,10240,0.0005,0.005,0.2,0.9,4,constant,1.781752944,0.03242937103,0.03799246624
4140000,0,-0.137,,6217.958,999.3651983,1214.84375,0.0486066105,100.3,172.2749976,173.8398438,poca,1024,10240,0.0005,0.005,0.2,0.9,4,constant,1.794709086,0.03463585302,0.04503177479
4150000,0,-0.028,,6233.725,999.2841115,1214.84375,0.04848093083,100.3,172.2755188,173.8398438,poca,1024,10240,0.0005,0.005,0.2,0.9,4,constant,1.803719878,0.03828719258,0.03891635314
4160000,0,0.088,,6248.778,999.1098725,1214.84375,0.04836369499,100.3,172.2761158,173.8398438,poca,1024,10240,0.0005,0.005,0.2,0.9,4,constant,1.792358041,0.03532572836,0.03682810441
4170000,0,0.136,,6263.868,998.6428658,1214.84375,0.04824702477,100.3,172.2767501,173.8398438,poca,1024,10240,0.0005,0.005,0.2,0.9,4,constant,1.799634218,0.03538057581,0.03741967678
4180000,0,0.006,,6279.752,998.1396957,1214.84375,0.04812319538,100.3,172.2774233,173.8398438,poca,1024,10240,0.0005,0.005,0.2,0.9,4,constant,1.790603518,0.03375985473,0.03754334152
4190000,0,-0.243,,6294.374,997.7401956,1214.84375,0.04801536492,100.3,172.2780096,173.8398438,poca,1024,10240,0.0005,0.005,0.2,0.9,4,constant,1.797452331,0.03349026665,0.0416447632
4200000,0,0.157,,6309.811,997.3423379,1214.84375,0.04790036724,100.3,172.2786348,173.8398438,poca,1024,10240,0.0005,0.005,0.2,0.9,4,constant,1.790229201,0.03732661903,0.04054157436
4210000,0,0.05,,6326.569,996.8977999,1214.84375,0.04777070064,100.3,172.2793398,173.8398438,poca,1024,10240,0.0005,0.005,0.2,0.9,4,constant,1.784572005,0.03629125655,0.04125076532
4220000,0,0.125,,6341.763,996.5025274,1214.84375,0.04765687053,100.3,172.2799587,173.8398438,poca,1024,10240,0.0005,0.005,0.2,0.9,4,constant,1.767164946,0.03722244129,0.04362579435
4230000,0,0.012,,6357.539,995.9696407,1214.84375,0.04753604817,100.3,172.2806156,173.8398438,poca,1024,10240,0.0005,0.005,0.2,0.9,4,constant,1.779675126,0.03326068819,0.04045802355
4240000,0,-0.02,,6373.099,995.4856631,1214.84375,0.04742333228,100.3,172.2812284,173.8398438,poca,1024,10240,0.0005,0.005,0.2,0.9,4,constant,1.790775537,0.03847992048,0.03879808635
4250000,0,-0.124,,6388.445,995.0463772,1214.84375,0.04731114966,100.3,172.2818383,173.8398438,poca,1024,10240,0.0005,0.005,0.2,0.9,4,constant,1.799424648,0.03403391689,0.04045014828
4260000,0,0.074,,6398.924,994.7044183,1214.84375,0.04722921914,100.3,172.2822838,173.8398438,poca,1024,10240,0.0005,0.005,0.2,0.9,4,constant,1.794461012,,
4270000,0,0.183,,6414.847,994.2427794,1214.84375,0.04711055276,100.3,172.2829289,173.8398438,poca,1024,10240,0.0005,0.005,0.2,0.9,4,constant,1.803498983,0.0392582491,0.04352855682
4280000,0,0.009,,6429.685,993.8832159,1214.84375,0.04700720777,100.3,172.2834908,173.8398438,poca,1024,10240,0.0005,0.005,0.2,0.9,4,constant,1.781683564,0.03594477102,0.04180799425
4290000,0,-0.097,,6445.02,993.4353277,1214.84375,0.04688965302,100.3,172.2841299,173.8398438,poca,1024,10240,0.0005,0.005,0.2,0.9,4,constant,1.787770987,0.03371944651,0.03941215202
4300000,0,-0.073,,6460.719,992.9513458,1214.84375,0.04677997817,100.3,172.2847262,173.8398438,poca,1024,10240,0.0005,0.005,0.2,0.9,4,constant,1.81203711,0.03484538198,0.04166454822
4310000,0,-0.168,,6476.744,992.4396637,1214.84375,0.04666355576,100.3,172.2853592,173.8398438,poca,1024,10240,0.0005,0.005,0.2,0.9,4,constant,1.82600522,0.03857264295,0.03953840584
4320000,0,-0.2,,6491.505,991.9725568,1214.84375,0.04655493482,100.3,172.2859497,173.8398438,poca,1024,10240,0.0005,0.005,0.2,0.9,4,constant,1.807924628,0.03169806302,0.03927030787
4330000,0,-0.004,,6507.251,991.5330746,1214.84375,0.04644681839,100.3,172.2865376,173.8398438,poca,1024,10240,0.0005,0.005,0.2,0.9,4,constant,1.810376048,0.03666178137,0.03862291947
4340000,0,-0.071,,6522.62,991.0871175,1214.84375,0.04633204633,100.3,172.2871616,173.8398438,poca,1024,10240,0.0005,0.005,0.2,0.9,4,constant,1.800900221,0.0317337662,0.03450371325
4350000,0,-0.043,,6538.168,990.6476394,1214.84375,0.04622496148,100.3,172.2877438,173.8398438,poca,1024,10240,0.0005,0.005,0.2,0.9,4,constant,1.793520093,0.03260427713,0.03797056526
4360000,0,-0.1,,6554.109,990.1427925,1214.84375,0.04611128189,100.3,172.2883618,173.8398438,poca,1024,10240,0.0005,0.005,0.2,0.9,4,constant,1.785211325,0.03744453192,0.04073665664
4370000,0,-0.068,,6569.581,989.7161808,1214.84375,0.04600521392,100.3,172.2889385,173.8398438,poca,1024,10240,0.0005,0.005,0.2,0.9,4,constant,1.784785628,0.03532237932,0.03640889376
4380000,0,-0.081,,6584.791,989.2868082,1214.84375,0.0458996328,100.3,172.2895125,173.8398438,poca,1024,10240,0.0005,0.005,0.2,0.9,4,constant,1.77338922,0.034586858,0.03911603987
4390000,0,-0.059,,6600.509,988.815937,1214.84375,0.04578754579,100.3,172.2901219,173.8398438,poca,1024,10240,0.0005,0.005,0.2,0.9,4,constant,1.78540647,0.03482269123,0.03988290951
4400000,0,0.049,,6616.023,988.3948953,1214.84375,0.04568296026,100.3,172.2906906,173.8398438,poca,1024,10240,0.0005,0.005,0.2,0.9,4,constant,1.78107965,0.03819914535,0.04168352112
4410000,0,0.154,,6631.735,987.9732413,1214.84375,0.04557192769,100.3,172.2912942,173.8398438,poca,1024,10240,0.0005,0.005,0.2,0.9,4,constant,1.778414488,0.03343940899,0.03729877993
4420000,0,-0.153,,6646.821,987.5552523,1214.84375,0.04546832373,100.3,172.2918575,173.8398438,poca,1024,10240,0.0005,0.005,0.2,0.9,4,constant,1.784415245,0.03558383137,0.03753642738
4430000,0,-0.212,,6662.569,987.1169311,1214.84375,0.04536518978,100.3,172.2924182,173.8398438,poca,1024,10240,0.0005,0.005,0.2,0.9,4,constant,1.780246615,0.03383712098,0.03506110609
4440000,0,0.067,,6677.082,986.6940807,1214.84375,0.04526252263,100.3,172.2929764,173.8398438,poca,1024,10240,0.0005,0.005,0.2,0.9,4,constant,1.778710723,0.03249961138,0.03153732046
4450000,0,-0.111,,6692.412,986.286788,1214.84375,0.04516031913,100.3,172.2935321,173.8398438,poca,1024,10240,0.0005,0.005,0.2,0.9,4,constant,1.763139367,0.03114877641,0.03023502044
4460000,0,-0.045,,6707.512,985.8996062,1214.84375,0.04505857615,100.3,172.2940852,173.8398438,poca,1024,10240,0.0005,0.005,0.2,0.9,4,constant,1.773730636,0.03245513514,0.03408251703
4470000,0,-0.041,,6723.055,985.5155489,1214.84375,0.04495729057,100.3,172.2946359,173.8398438,poca,1024,10240,0.0005,0.005,0.2,0.9,4,constant,1.765845895,0.03546763211,0.03571528196
4480000,0,-0.058,,6738.04,985.1402751,1214.84375,0.04485645933,100.3,172.2951841,173.8398438,poca,1024,10240,0.0005,0.005,0.2,0.9,4,constant,1.795596838,0.03307309747,0.03440280259
4490000,0,-0.16,,6753.5,984.7391698,1214.84375,0.04474940334,100.3,172.2957662,173.8398438,poca,1024,10240,0.0005,0.005,0.2,0.9,4,constant,1.772853017,0.03516842425,0.03423738107
4500000,0,-0.106,,6768.767,984.3591593,1214.84375,0.04464950141,100.3,172.2963093,173.8398438,poca,1024,10240,0.0005,0.005,0.2,0.9,4,constant,1.755442619,0.03533312306,0.03927498311
4510000,0,0.08,,6784.995,983.9620546,1214.84375,0.04454342984,100.3,172.296886,173.8398438,poca,1024,10240,0.0005,0.005,0.2,0.9,4,constant,1.780350089,0.03675036505,0.03680347279
4520000,0,0.026,,6800.313,983.5696152,1214.84375,0.04444444444,100.3,172.2974242,173.8398438,poca,1024,10240,0.0005,0.005,0.2,0.9,4,constant,1.79698503,0.0348088704,0.03449160978
4530000,0,0.045,,6815.347,983.1979103,1214.84375,0.044345898,100.3,172.29796,173.8398438,poca,1024,10240,0.0005,0.005,0.2,0.9,4,constant,1.794690251,0.03635447845,0.03238798678
4540000,0,0.016,,6830.478,982.8372073,1214.84375,0.04424778761,100.3,172.2984934,173.8398438,poca,1024,10240,0.0005,0.005,0.2,0.9,4,constant,1.800049424,0.03486625105,0.03354276344
4550000,0,-0.167,,6845.772,982.4720417,1214.84375,0.04415011038,100.3,172.2990244,173.8398438,poca,1024,10240,0.0005,0.005,0.2,0.9,4,constant,1.791948676,0.03634490818,0.03767334297
4560000,0,-0.184,,6856.525,982.1495751,1214.84375,0.04407875404,100.3,172.2994124,173.8398438,poca,1024,10240,0.0005,0.005,0.2,0.9,4,constant,1.811693907,,
4570000,0,0.014,,6871.316,981.7829715,1214.84375,0.04398182085,100.3,172.2999394,173.8398438,poca,1024,10240,0.0005,0.005,0.2,0.9,4,constant,1.775543571,0.03891442716,0.03485415876
4580000,0,-0.131,,6886.85,981.4184162,1214.84375,0.04388531305,100.3,172.3004641,173.8398438,poca,1024,10240,0.0005,0.005,0.2,0.9,4,constant,1.788531303,0.03596933186,0.03756324574
4590000,0,0.133,,6901.993,981.0596611,1214.84375,0.04378922785,100.3,172.3009865,173.8398438,poca,1024,10240,0.0005,0.005,0.2,0.9,4,constant,1.776529193,0.03375171125,0.03573432937
4600000,0,0.026,,6917.343,980.7074682,1214.84375,0.04369356248,100.3,172.3015066,173.8398438,poca,1024,10240,0.0005,0.005,0.2,0.9,4,constant,1.782274842,0.03660477698,0.0378860943
4610000,0,0.049,,6932.902,980.3304533,1214.84375,0.04359197908,100.3,172.3020589,173.8398438,poca,1024,10240,0.0005,0.005,0.2,0.9,4,constant,1.769746184,0.03605954722,0.03581492975
4620000,0,-0.231,,6948.07,979.9768814,1214.84375,0.04349717268,100.3,172.3025744,173.8398438,poca,1024,10240,0.0005,0.005,0.2,0.9,4,constant,1.77772367,0.03441350162,0.03888732195
4630000,0,-0.032,,6963.892,979.6073007,1214.84375,0.04339649935,100.3,172.3031217,173.8398438,poca,1024,10240,0.0005,0.005,0.2,0.9,4,constant,1.758284926,0.03303452954,0.03576037288
4640000,0,-0.07,,6978.696,979.2828166,1214.84375,0.04330879168,100.3,172.3035986,173.8398438,poca,1024,10240,0.0005,0.005,0.2,0.9,4,constant,1.754336834,0.03676206246,0.0413660109
4650000,0,-0.113,,6994.835,978.911695,1214.84375,0.04320898747,100.3,172.3041412,173.8398438,poca,1024,10240,0.0005,0.005,0.2,0.9,4,constant,1.770982862,0.03724230081,0.03922089189
4660000,0,-0.107,,7009.938,978.5661514,1214.84375,0.04311583788,100.3,172.3046476,173.8398438,poca,1024,10240,0.0005,0.005,0.2,0.9,4,constant,1.75929296,0.03476722538,0.03797378018
4670000,0,0.009,,7025.508,978.167407,1214.84375,0.04301691999,100.3,172.3051854,173.8398438,poca,1024,10240,0.0005,0.005,0.2,0.9,4,constant,1.753443599,0.03689764068,0.0328084752
4680000,0,-0.115,,7040.582,977.7656038,1214.84375,0.04292459579,100.3,172.3056874,173.8398438,poca,1024,10240,0.0005,0.005,0.2,0.9,4,constant,1.749040008,0.04125183076,0.0351719074
4690000,0,-0.036,,7055.967,977.3773725,1214.84375,0.04283266705,100.3,172.3061872,173.8398438,poca,1024,10240,0.0005,0.005,0.2,0.9,4,constant,1.769574523,0.03385395184,0.04284470156
4700000,0,-0.114,,7071.521,977.0008353,1214.84375,0.04274113122,100.3,172.3066849,173.8398438,poca,1024,10240,0.0005,0.005,0.2,0.9,4,constant,1.765464902,0.03947102278,0.03715280816
4710000,0,-0.144,,7086.294,976.6503684,1214.84375,0.04264998578,100.3,172.3071804,173.8398438,poca,1024,10240,0.0005,0.005,0.2,0.9,4,constant,1.766381264,0.03667398542,0.03563176095
4720000,0,-0.122,,7102.08,976.2790631,1214.84375,0.04255319149,100.3,172.3077067,173.8398438,poca,1024,10240,0.0005,0.005,0.2,0.9,4,constant,1.762862802,0.03417975828,0.03716608137
4730000,0,0.022,,7117.621,975.9376012,1214.84375,0.04246284501,100.3,172.3081979,173.8398438,poca,1024,10240,0.0005,0.005,0.2,0.9,4,constant,1.754486322,0.03664545342,0.0360488221
4740000,0,0.041,,7132.814,975.5597082,1214.84375,0.04237288136,100.3,172.308687,173.8398438,poca,1024,10240,0.0005,0.005,0.2,0.9,4,constant,1.747018218,0.0331745483,0.03613778576
4750000,0,-0.094,,7148.06,975.1717599,1214.84375,0.0422832981,100.3,172.309174,173.8398438,poca,1024,10240,0.0005,0.005,0.2,0.9,4,constant,1.772593856,0.03377698734,0.03695696965
4760000,0,0.129,,7163.596,974.734492,1214.84375,0.04218815919,100.3,172.3096913,173.8398438,poca,1024,10240,0.0005,0.005,0.2,0.9,4,constant,1.767942429,0.0351973027,0.04249146581
4770000,0,-0.1,,7179.469,974.3562762,1214.84375,0.04209935448,100.3,172.3101741,173.8398438,poca,1024,10240,0.0005,0.005,0.2,0.9,4,constant,1.761844516,0.03713579103,0.04154711217
4780000,0,-0.066,,7194.71,973.9561611,1214.84375,0.0420050406,100.3,172.3106869,173.8398438,poca,1024,10240,0.0005,0.005,0.2,0.9,4,constant,1.780576825,0.03696016967,0.03332550824
4790000,0,-0.176,,7210.249,973.6225581,1214.84375,0.04191700433,100.3,172.3111655,173.8398438,poca,1024,10240,0.0005,0.005,0.2,0.9,4,constant,1.77889061,0.03561461344,0.03841097653
4800000,0,-0.031,,7225.485,973.2897264,1214.84375,0.04182933631,100.3,172.3116422,173.8398438,poca,1024,10240,0.0005,0.005,0.2,0.9,4,constant,1.770249963,0.03847087547,0.04054332897
4810000,0,-0.143,,7241.48,972.9415606,1214.84375,0.04173622705,100.3,172.3121484,173.8398438,poca,1024,10240,0.0005,0.005,0.2,0.9,4,constant,1.770925045,0.03871772438,0.03812128305
4820000,0,-0.12,,7257.572,972.5925527,1214.84375,0.04164353137,100.3,172.3126524,173.8398438,poca,1024,10240,0.0005,0.005,0.2,0.9,4,constant,1.758610725,0.03480189294,0.04217273369
4830000,0,-0.116,,7272.626,972.270443,1214.84375,0.04155700235,100.3,172.3131228,173.8398438,poca,1024,10240,0.0005,0.005,0.2,0.9,4,constant,1.767867327,0.03054874018,0.03858441859
4840000,0,-0.093,,7288.072,971.9525083,1214.84375,0.04147083218,100.3,172.3135913,173.8398438,poca,1024,10240,0.0005,0.005,0.2,0.9,4,constant,1.76472795,0.03451503068,0.03796998784
4850000,0,-0.145,,7299.348,971.7106129,1214.84375,0.04140786749,100.3,172.3139336,173.8398438,poca,1024,10240,0.0005,0.005,0.2,0.9,4,constant,1.771785378,,
4860000,0,0.099,,7314.066,971.3885331,1214.84375,0.04132231405,100.3,172.3143988,173.8398438,poca,1024,10240,0.0005,0.005,0.2,0.9,4,constant,1.760501146,0.03253957629,0.03759041801
4870000,0,-0.221,,7329.963,971.0494799,1214.84375,0.04123144585,100.3,172.3148928,173.8398438,poca,1024,10240,0.0005,0.005,0.2,0.9,4,constant,1.765692592,0.0357234329,0.03734847903
4880000,0,-0.021,,7345.16,970.7363664,1214.84375,0.04114661912,100.3,172.315354,173.8398438,poca,1024,10240,0.0005,0.005,0.2,0.9,4,constant,1.771182179,0.03056163341,0.04162345454
4890000,0,-0.127,,7360.885,970.4197925,1214.84375,0.04106214071,100.3,172.3158133,173.8398438,poca,1024,10240,0.0005,0.005,0.2,0.9,4,constant,1.774230242,0.03620379046,0.03802634031
4900000,0,-0.029,,7376.524,970.0833661,1214.84375,0.04097241191,100.3,172.3163182,173.8398438,poca,1024,10240,0.0005,0.005,0.2,0.9,4,constant,1.768641829,0.0343333371,0.04158762842
4910000,0,-0.058,,7391.534,969.7759281,1214.84375,0.04088864659,100.3,172.3169014,173.8398438,poca,1024,10240,0.0005,0.005,0.2,0.9,4,constant,1.753088474,0.03582195565,0.03874276206
4920000,0,-0.304,,7407.084,969.4696591,1214.84375,0.04080522307,100.3,172.3174822,173.8398438,poca,1024,10240,0.0005,0.005,0.2,0.9,4,constant,1.745532632,0.0363821052,0.04195173457
4930000,0,-0.083,,7422.741,969.1655438,1214.84375,0.04071661238,100.3,172.3180991,173.8398438,poca,1024,10240,0.0005,0.005,0.2,0.9,4,constant,1.758875966,0.03432842717,0.03661687672
4940000,0,-0.214,,7438.641,968.8755549,1214.84375,0.0406283857,100.3,172.3187133,173.8398438,poca,1024,10240,0.0005,0.005,0.2,0.9,4,constant,1.743789911,0.03508264199,0.0400903523
4950000,0,-0.155,,7453.457,968.6057423,1214.84375,0.04055150041,100.3,172.3192486,173.8398438,poca,1024,10240,0.0005,0.005,0.2,0.9,4,constant,1.748310208,0.0360400863,0.03854332864
4960000,0,-0.001,,7470.293,968.268986,1214.84375,0.04045853001,100.3,172.3198958,173.8398438,poca,1024,10240,0.0005,0.005,0.2,0.9,4,constant,1.744059086,0.03761595115,0.03973814845
4970000,0,-0.039,,7485.097,967.9953304,1214.84375,0.04037685061,100.3,172.3204644,173.8398438,poca,1024,10240,0.0005,0.005,0.2,0.9,4,constant,1.754866242,0.03589813784,0.03699873388
4980000,0,-0.233,,7500.12,967.7262603,1214.84375,0.04029550034,100.3,172.3210308,173.8398438,poca,1024,10240,0.0005,0.005,0.2,0.9,4,constant,1.733991623,0.03676157817,0.03359771147
4990000,0,-0.16,,7515.582,967.4478641,1214.84375,0.04021447721,100.3,172.3215949,173.8398438,poca,1024,10240,0.0005,0.005,0.2,0.9,4,constant,1.740662336,0.03324893117,0.03808099404
5000000,0,-0.001,,7531.147,967.1720349,1214.84375,0.04013377926,100.3,172.3221567,173.8398438,poca,1024,10240,0.0005,0.005,0.2,0.9,4,constant,1.743362784,0.03407907858,0.03863782063